Key,DE,EN,ES,FR,IT,PT
ui.app_name,ArcaneKingdom,ArcaneKingdom,ArcaneKingdom,ArcaneKingdom,ArcaneKingdom,ArcaneKingdom
ui.loading,Wird geladen...,Loading...,Cargando...,Chargement...,Caricamento...,Carregando...
ui.error_network,Netzwerkfehler! Tippen zum Schließen,Network error! Tap to close,,,,
ui.error_unknown,Unbekannter Fehler,Unknown error,,,,
ui.button_continue,Weiter,Continue,,,,
ui.button_cancel,Abbrechen,Cancel,,,,
ui.button_confirm,Bestätigen,Confirm,,,,
ui.button_back,Zurück,Back,,,,
ui.button_play,Spielen,Play,,,,
ui.button_retry,Erneut versuchen,Retry,,,,
ui.tab_menu,Menü,Menu,,,,
ui.tab_shop,Laden,Shop,,,,
ui.tab_deck,Deck,Deck,,,,
ui.tab_friends,Freunde,Friends,,,,
ui.nav_map,Landkarte,World Map,,,,
ui.nav_smith,Zauberschmiede,Forge,,,,
ui.nav_arena,Arena,Arena,,,,
ui.nav_temple,Tempel,Temple,,,,
ui.energy,Energie,Energy,,,,
ui.energy_full,Volle Energie,Full energy,,,,
ui.gold,Gold,Gold,,,,
ui.diamonds,Diamanten,Diamonds,,,,
ui.deck_full,Deck ist voll (10/10),Deck is full (10/10),,,,
ui.deck_slot,Deck-Slot,Deck slot,,,,
ui.cost,Kosten,Cost,,,,
ui.attack,Angriff,Attack,,,,
ui.health,Lebenspunkte,Health,,,,
ui.special_in_turns,Spezial in {0} Runden,Special in {0} turns,,,,
ui.deck_limit_unlimited,Bis 3 pro Deck,Up to 3 per deck,,,,
ui.deck_limit_max_two,Max 2 pro Deck,Max 2 per deck,,,,
ui.deck_limit_one,1 pro Deck,1 per deck,,,,
ui.craft_global_limit,Weltweit {0}/{1} gecraftet,{0}/{1} crafted worldwide,,,,
ui.world_locked,Beende erst die vorherige Welt,Complete previous world first,,,,
ui.battle_won,Sieg!,Victory!,,,,
ui.battle_lost,Niederlage!,Defeat!,,,,
ui.battle_draw,Unentschieden!,Draw!,,,,
ui.season_ends_in,Saison endet in {0},Season ends in {0},,,,
ui.guild_create_cost,Gründung: {0} Gold,Foundation: {0} Gold,,,,
element.natur,Natur,Nature,,,,
element.feuer,Feuer,Fire,,,,
element.wasser,Wasser,Water,,,,
element.licht,Licht,Light,,,,
element.dunkel,Dunkel,Dark,,,,
race.koenigreich,Königreich,Kingdom,,,,
race.demonist,Demonist,Demonist,,,,
race.elfe,Elfe,Elf,,,,
race.daemon,Dämon,Demon,,,,
race.untoter,Untoter,Undead,,,,
race.maschine,Maschine,Machine,,,,
race.tier,Tier,Beast,,,,
race.drache,Drache,Dragon,,,,
rarity.gewoehnlich,Gewöhnlich,Common,,,,
rarity.ungewoehnlich,Ungewöhnlich,Uncommon,,,,
rarity.selten,Selten,Rare,,,,
rarity.epic,Epic,Epic,,,,
rarity.legendaer,Legendär,Legendary,,,,
card.waldlaeufer.name,Waldläufer,Forest Ranger,,,,
card.waldlaeufer.flavor,Lautlos durch das Unterholz.,Silent through the undergrowth.,,,,
card.glutwolf.name,Glutwolf,Ember Wolf,,,,
card.glutwolf.flavor,Sein Fell trägt die Asche tausender Schlachten.,His fur bears the ash of a thousand battles.,,,,
card.wasserspirit.name,Wassergeist,Water Spirit,,,,
card.wasserspirit.flavor,Aus den Quellen geboren - heilend und unfassbar.,Born from springs - healing and untouchable.,,,,
card.sonnenpriesterin.name,Sonnenpriesterin,Sun Priestess,,,,
card.sonnenpriesterin.flavor,Ihr Lied bringt Licht und Mut.,Her song brings light and courage.,,,,
card.schattenscherge.name,Schattenscherge,Shadow Lackey,,,,
card.schattenscherge.flavor,Stiehlt Leben aus jeder Wunde.,Steals life from every wound.,,,,
card.lehrlingsschmied.name,Lehrlingsschmied,Apprentice Smith,,,,
card.lehrlingsschmied.flavor,Sein Hammer kennt mehr Schläge als sein Schwert.,His hammer knows more strikes than his sword.,,,,
card.bornenkrabbe.name,Bornenkrabbe,Thorned Crab,,,,
card.bornenkrabbe.flavor,Wer sie packt blutet als Erster.,Whoever grabs her bleeds first.,,,,
card.funkenmeister.name,Funkenmeister,Spark Master,,,,
card.funkenmeister.flavor,Aus dem Nichts geboren - aus dem Nichts vergehend.,Born from nothing - vanishing into nothing.,,,,
card.mondlicht_druidin.name,Mondlicht-Druidin,Moonlight Druid,,,,
card.mondlicht_druidin.flavor,Die Vögel des Waldes folgen ihrem Wink.,The birds of the forest follow her gesture.,,,,
card.vulkan_krieger.name,Vulkan-Krieger,Volcano Warrior,,,,
card.vulkan_krieger.flavor,Sein Herzschlag lässt die Lava singen.,His heartbeat makes the lava sing.,,,,
card.frostklingen_adept.name,Frostklingen-Adept,Frostblade Adept,,,,
card.frostklingen_adept.flavor,Sein Atem lässt ganze Heere erstarren.,His breath freezes entire armies.,,,,
card.erleuchtete_magierin.name,Erleuchtete Magierin,Enlightened Mage,,,,
card.erleuchtete_magierin.flavor,Sie sah das Ende des Weltkriegs - und schwieg.,She saw the end of the world war - and stayed silent.,,,,
card.knochen_ritter.name,Knochenritter,Bone Knight,,,,
card.knochen_ritter.flavor,Was er einst war hat keinen Namen mehr.,What he once was has no name anymore.,,,,
card.sturmvogel.name,Sturmvogel,Storm Bird,,,,
card.sturmvogel.flavor,Aus dem Donner geboren.,Born from thunder.,,,,
card.dornenbestie.name,Dornenbestie,Thorn Beast,,,,
card.dornenbestie.flavor,Sie lässt die Waldwege gefährlich werden.,She makes the forest paths dangerous.,,,,
card.schmieden_golem.name,Schmieden-Golem,Forge Golem,,,,
card.schmieden_golem.flavor,Erschaffen aus Eisen und Vulkanglut.,Forged from iron and volcanic ember.,,,,
card.drachenlord_adept.name,Drachenlord-Adept,Dragonlord Adept,,,,
card.drachenlord_adept.flavor,Er trägt das Blut seines Meisters in sich.,He carries his master's blood within.,,,,
card.tiefenfuerst_kraken.name,Tiefenfürst-Kraken,Deepfuerst Kraken,,,,
card.tiefenfuerst_kraken.flavor,Aus der Tiefe in der nichts mehr leuchtet.,From the deep where nothing shines anymore.,,,,
card.sphaerenwaechter.name,Sphärenwächter,Sphere Guardian,,,,
card.sphaerenwaechter.flavor,Beschützt die Grenze zwischen den Welten.,Guards the border between worlds.,,,,
card.schreckens_ritter.name,Schreckensritter,Dread Knight,,,,
card.schreckens_ritter.flavor,Sein Name wird in Liedern nicht mehr gesprochen.,His name is no longer spoken in songs.,,,,
card.aelteren_druide.name,Aelteren-Druide,Elder Druid,,,,
card.aelteren_druide.flavor,Er kennt die Sprache der ersten Bäume.,He knows the language of the first trees.,,,,
card.stahlfaust_berserker.name,Stahlfaust-Berserker,Steelfist Berserker,,,,
card.stahlfaust_berserker.flavor,Schmerz ist nur ein anderes Wort für Kraft.,Pain is just another word for strength.,,,,
card.eisernwille_champion.name,Eisernwille-Champion,Ironwill Champion,,,,
card.eisernwille_champion.flavor,Niemand wird verlieren - nicht solange er steht.,No one will lose - not while he stands.,,,,
card.hoellenfuerst_inferno.name,Höllenfürst Inferno,Hell Lord Inferno,,,,
card.hoellenfuerst_inferno.flavor,Sein Brand kennt keine Asche.,His fire knows no ash.,,,,
card.abgrund_tyrann.name,Abgrund-Tyrann,Abyss Tyrant,,,,
card.abgrund_tyrann.flavor,Der Tiefseegraben ist sein Thron.,The deep sea trench is his throne.,,,,
card.phoenix_ewigkeit.name,Phönix der Ewigkeit,Phoenix of Eternity,,,,
card.phoenix_ewigkeit.flavor,Tod ist für ihn nur ein Atemzug.,Death is just a breath for him.,,,,
card.nachtschatten_wolf.name,Nachtschatten-Wolf,Nightshade Wolf,,,,
card.nachtschatten_wolf.flavor,Was du nicht siehst zerreißt dich.,What you don't see tears you apart.,,,,
card.drachenherrscher_goldzahn.name,Drachenherrscher Goldzahn,Dragon Ruler Goldtooth,,,,
card.drachenherrscher_goldzahn.flavor,Vor seinem Atem fallen Berge.,Mountains fall before his breath.,,,,
card.mondkoenigin_selene.name,Mondkönigin Selene,Moon Queen Selene,,,,
card.mondkoenigin_selene.flavor,Ihre Stimme verwandelt Nacht in Tag.,Her voice turns night into day.,,,,
card.schwarzes_herz_lich.name,Schwarzherz-Lich-König,Black Heart Lich King,,,,
card.schwarzes_herz_lich.flavor,Er erinnert sich noch wie es ist zu lieben - und hasst dafür.,He still remembers what love feels like - and hates for it.,,,,
ability.doppelschlag.name,Doppelschlag,Double Strike,,,,
ability.doppelschlag.desc,Spezial: Greift zweimal an (insgesamt 200% Schaden).,Special: Attacks twice (total 200% damage).,,,,
ability.eliminierung.name,Eliminierung,Execute,,,,
ability.eliminierung.desc,Verursacht 100% mehr Schaden gegen Ziele unter 30% HP.,Deals 100% more damage against targets below 30% HP.,,,,
ability.piercing_strike.name,Durchdringender Schlag,Piercing Strike,,,,
ability.piercing_strike.desc,Ignoriert 30% Verteidigung.,Ignores 30% defense.,,,,
ability.aoe_meteor.name,Meteor,Meteor,,,,
ability.aoe_meteor.desc,Spezial: Trifft alle Gegner mit 50% ATK.,Special: Hits all enemies for 50% ATK.,,,,
ability.backstab.name,Hinterhalt,Backstab,,,,
ability.backstab.desc,Erste Attacke pro Runde verursacht +75% Schaden.,First attack per turn deals +75% damage.,,,,
ability.critical_blow.name,Kritischer Treffer,Critical Blow,,,,
ability.critical_blow.desc,30% Chance auf doppelten Schaden.,30% chance for double damage.,,,,
ability.burning_aura.name,Brennende Aura,Burning Aura,,,,
ability.burning_aura.desc,Alle Feuer-Allies erhalten +20% ATK.,All Fire allies gain +20% ATK.,,,,
ability.brutal_charge.name,Brutaler Ansturm,Brutal Charge,,,,
ability.brutal_charge.desc,Spezial: 200% Schaden - opfert dabei 50 eigene HP.,Special: 200% damage - sacrifices 50 own HP.,,,,
ability.unbegrenzter_schild.name,Unbegrenzter Schild,Unlimited Shield,,,,
ability.unbegrenzter_schild.desc,Erleidet maximal 1 Schaden pro Treffer.,Takes at most 1 damage per hit.,,,,
ability.self_heal.name,Selbstheilung,Self Heal,,,,
ability.self_heal.desc,Heilt sich jede Runde um 20% der eigenen Max-HP.,Heals 20% of own max HP each turn.,,,,
ability.damage_reflect.name,Schadensreflexion,Damage Reflect,,,,
ability.damage_reflect.desc,Reflektiert 30% des erlittenen Schadens zum Angreifer.,Reflects 30% of damage taken to attacker.,,,,
ability.ironhide.name,Eisenhaut,Iron Hide,,,,
ability.ironhide.desc,+50% HP - aber lädt Spezial langsamer.,+50% HP - but special charges slower.,,,,
ability.last_stand.name,Letzter Widerstand,Last Stand,,,,
ability.last_stand.desc,Bei <20% HP: Erlittener Schaden halbiert ATK verdoppelt.,Below 20% HP: damage halved attack doubled.,,,,
ability.guardian_shield.name,Wachender Schild,Guardian Shield,,,,
ability.guardian_shield.desc,Allies erleiden -20% Schaden.,Allies take -20% damage.,,,,
ability.resurrection.name,Wiederauferstehung,Resurrection,,,,
ability.resurrection.desc,1x pro Kampf: Reanimiert sich mit 30% HP.,Once per battle: revives with 30% HP.,,,,
ability.infiltration_strike.name,Infiltrierender Schlag,Infiltrating Strike,,,,
ability.infiltration_strike.desc,Spezial: Betäubt Ziel für 2 Runden.,Special: stuns target for 2 turns.,,,,
ability.silence.name,Verstummen,Silence,,,,
ability.silence.desc,Spezial: Blockiert Spezialattacken aller Gegner für 3 Runden.,Special: blocks all enemy specials for 3 turns.,,,,
ability.freeze.name,Frosten,Freeze,,,,
ability.freeze.desc,Spezial: Verzögert Spezialattacke des Ziels um 2 Runden.,Special: delays target's special by 2 turns.,,,,
ability.mana_burn.name,Mana-Brand,Mana Burn,,,,
ability.mana_burn.desc,Spezial: Entzieht dem Gegner 2 Mana.,Special: drains 2 mana from enemy.,,,,
ability.provoke.name,Herausforderung,Provoke,,,,
ability.provoke.desc,Gegner greifen bevorzugt diese Karte an.,Enemies prefer to attack this card.,,,,
ability.battle_cry.name,Schlachtruf,Battle Cry,,,,
ability.battle_cry.desc,Spezial: Alle Allies erhalten +25% ATK für 3 Runden.,Special: all allies gain +25% ATK for 3 turns.,,,,
ability.shield_wall.name,Schildwand,Shield Wall,,,,
ability.shield_wall.desc,Spezial: Alle Allies erhalten +30% HP für 3 Runden.,Special: all allies gain +30% HP for 3 turns.,,,,
ability.holy_blessing.name,Heiliger Segen,Holy Blessing,,,,
ability.holy_blessing.desc,Spezial: Alle Allies erhalten sofort +1 Mana.,Special: all allies gain +1 mana immediately.,,,,
ability.inspiring_presence.name,Inspirierende Präsenz,Inspiring Presence,,,,
ability.inspiring_presence.desc,Alle Allies erhalten permanent +10% ATK.,All allies gain permanent +10% ATK.,,,,
ability.curse_of_weakness.name,Fluch der Schwäche,Curse of Weakness,,,,
ability.curse_of_weakness.desc,Spezial: Alle Gegner erleiden -30% ATK für 3 Runden.,Special: all enemies suffer -30% ATK for 3 turns.,,,,
ability.plague.name,Pest,Plague,,,,
ability.plague.desc,Spezial: Alle Gegner verlieren 5% HP pro Runde (3 Runden).,Special: all enemies lose 5% HP per turn (3 turns).,,,,
ability.drain_life.name,Lebensentzug,Drain Life,,,,
ability.drain_life.desc,Spezial: Stiehlt 30% ATK vom Gegner für 3 Runden.,Special: steals 30% ATK from enemy for 3 turns.,,,,
ability.demon_lord.name,Dämonenlord,Demon Lord,,,,
ability.demon_lord.desc,Alle Dämonen-Allies erhalten +30% ATK.,All Demon allies gain +30% ATK.,,,,
ability.forest_bond.name,Waldverbundenheit,Forest Bond,,,,
ability.forest_bond.desc,Alle Natur-Allies erhalten +20% HP.,All Nature allies gain +20% HP.,,,,
ability.dragon_pride.name,Drachenstolz,Dragon Pride,,,,
ability.dragon_pride.desc,Wenn 2+ Drachen im Deck: alle Drachen +50% ATK.,If 2+ dragons in deck: all dragons gain +50% ATK.,,,,
ability.undying_horde.name,Untote Horde,Undying Horde,,,,
ability.undying_horde.desc,Alle Untote-Allies haben 25% Chance auf Wiederauferstehung.,All Undead allies have a 25% chance to resurrect.,,,,
ability.elven_grace.name,Elfengrazie,Elven Grace,,,,
ability.elven_grace.desc,Alle Elfen-Allies haben -1 Rundenwarten.,All Elf allies have -1 turn to special.,,,,
rune.angriff_klein.name,Kleine Angriffs-Rune,Lesser Attack Rune,,,,
rune.angriff_klein.desc,+{0}% ATK aller Deck-Karten.,+{0}% ATK to all deck cards.,,,,
rune.angriff_mittel.name,Mittlere Angriffs-Rune,Greater Attack Rune,,,,
rune.angriff_mittel.desc,+{0}% ATK aller Deck-Karten.,+{0}% ATK to all deck cards.,,,,
rune.angriff_gross.name,Große Angriffs-Rune,Major Attack Rune,,,,
rune.angriff_gross.desc,+{0}% ATK aller Deck-Karten.,+{0}% ATK to all deck cards.,,,,
rune.verteidigung_klein.name,Kleine Verteidigungs-Rune,Lesser Defense Rune,,,,
rune.verteidigung_klein.desc,+{0}% HP aller Deck-Karten.,+{0}% HP to all deck cards.,,,,
rune.verteidigung_mittel.name,Mittlere Verteidigungs-Rune,Greater Defense Rune,,,,
rune.verteidigung_mittel.desc,+{0}% HP aller Deck-Karten.,+{0}% HP to all deck cards.,,,,
rune.verteidigung_gross.name,Große Verteidigungs-Rune,Major Defense Rune,,,,
rune.verteidigung_gross.desc,+{0}% HP aller Deck-Karten.,+{0}% HP to all deck cards.,,,,
rune.geschwindigkeit_einfach.name,Einfache Geschwindigkeits-Rune,Simple Speed Rune,,,,
rune.geschwindigkeit_einfach.desc,-1 Rundenwarten bei Spezialattacken.,-1 turn to special.,,,,
rune.geschwindigkeit_episch.name,Epische Geschwindigkeits-Rune,Epic Speed Rune,,,,
rune.geschwindigkeit_episch.desc,-1 Rundenwarten + schnellere Wiederaufladung.,-1 turn to special + faster reload.,,,,
rune.element_natur.name,Natur-Element-Rune,Nature Element Rune,,,,
rune.element_natur.desc,+{0}% Schaden mit Natur-Karten.,+{0}% damage with Nature cards.,,,,
rune.element_feuer.name,Feuer-Element-Rune,Fire Element Rune,,,,
rune.element_feuer.desc,+{0}% Schaden mit Feuer-Karten.,+{0}% damage with Fire cards.,,,,
rune.element_wasser.name,Wasser-Element-Rune,Water Element Rune,,,,
rune.element_wasser.desc,+{0}% Schaden mit Wasser-Karten.,+{0}% damage with Water cards.,,,,
rune.element_licht.name,Licht-Element-Rune,Light Element Rune,,,,
rune.element_licht.desc,+{0}% Schaden mit Licht-Karten.,+{0}% damage with Light cards.,,,,
rune.element_dunkel.name,Dunkel-Element-Rune,Dark Element Rune,,,,
rune.element_dunkel.desc,+{0}% Schaden mit Dunkel-Karten.,+{0}% damage with Dark cards.,,,,
rune.hero_klein.name,Kleine Helden-Rune,Lesser Hero Rune,,,,
rune.hero_klein.desc,+{0} Helden-HP.,+{0} hero HP.,,,,
rune.hero_gross.name,Große Helden-Rune,Major Hero Rune,,,,
rune.hero_gross.desc,+{0} Helden-HP.,+{0} hero HP.,,,,
rune.kombo_daemon.name,Dämonen-Kombo-Rune,Demon Combo Rune,,,,
rune.kombo_daemon.desc,Bei 3+ Dämonen im Deck: alle Allies +{0}% ATK.,If 3+ demons in deck: all allies +{0}% ATK.,,,,
rune.kombo_drache.name,Drachen-Kombo-Rune,Dragon Combo Rune,,,,
rune.kombo_drache.desc,Bei 2+ Drachen im Deck: alle Drachen +{0}% ATK.,If 2+ dragons in deck: all dragons +{0}% ATK.,,,,
rune.mana_start.name,Mana-Start-Rune,Mana Start Rune,,,,
rune.mana_start.desc,+1 Start-Mana im Kampf.,+1 starting mana in battle.,,,,
world.elderwald.name,Elderwald,Elderwood,,,,
world.elderwald.node1,Eingang zum Wald,Forest Entrance,,,,
world.elderwald.node2,Pilzlichtung,Mushroom Clearing,,,,
world.elderwald.node3,Murmelnde Quellen,Murmuring Springs,,,,
world.elderwald.node4,Hexenkreis,Witches Circle,,,,
world.elderwald.node5,Mondtempel (Mini-Boss),Moon Temple (Mini Boss),,,,
world.elderwald.node6,Dornenhain,Thorn Grove,,,,
world.elderwald.node7,Druiden-Versammlung,Druid Gathering,,,,
world.elderwald.node8,Faulender Hain,Rotting Grove,,,,
world.elderwald.node9,Wurzeln der Alten,Roots of the Ancients,,,,
world.elderwald.node10,Herz des Waldes (Welt-Boss),Heart of the Forest (World Boss),,,,
world.sandreich.name,Sandreich,Sand Realm,,,,
world.sandreich.node1,Oase,Oasis,,,,
world.sandreich.node2,Skorpion-Schlucht,Scorpion Canyon,,,,
world.sandreich.node3,Verlassene Stadt,Abandoned City,,,,
world.sandreich.node4,Glaswüste,Glass Desert,,,,
world.sandreich.node5,Sandstein-Festung (Mini-Boss),Sandstone Fortress (Mini Boss),,,,
world.sandreich.node6,Gold-Minen,Gold Mines,,,,
world.sandreich.node7,Schmelz-Werkstätten,Smelting Workshops,,,,
world.sandreich.node8,Pyramide,Pyramid,,,,
world.sandreich.node9,Sturm-Ebene,Storm Plain,,,,
world.sandreich.node10,Wüsten-Drache (Welt-Boss),Desert Dragon (World Boss),,,,
world.vulkanhort.name,Vulkanhort,Volcano Stronghold,,,,
world.vulkanhort.node1,Kraterrand,Crater Edge,,,,
world.vulkanhort.node2,Lava-Brücke,Lava Bridge,,,,
world.vulkanhort.node3,Magma-Tempel,Magma Temple,,,,
world.vulkanhort.node4,Schmiede-Halle,Forge Hall,,,,
world.vulkanhort.node5,Brennende Arena (Mini-Boss),Burning Arena (Mini Boss),,,,
world.vulkanhort.node6,Glut-Treppe,Ember Stairs,,,,
world.vulkanhort.node7,Lava-See,Lava Lake,,,,
world.vulkanhort.node8,Aschegrube,Ash Pit,,,,
world.vulkanhort.node9,Inneres Heiligtum,Inner Sanctum,,,,
world.vulkanhort.node10,Höllenfürst (Welt-Boss),Hell Lord (World Boss),,,,
world.frostgipfel.name,Frostgipfel,Frost Peak,,,,
world.frostgipfel.node1,Schneehang,Snow Slope,,,,
world.frostgipfel.node2,Eis-Spalte,Ice Crevasse,,,,
world.frostgipfel.node3,Frostige Halle,Frost Hall,,,,
world.frostgipfel.node4,Kristall-Höhle,Crystal Cave,,,,
world.frostgipfel.node5,Frost-Festung (Mini-Boss),Frost Fortress (Mini Boss),,,,
world.frostgipfel.node6,Eisbahn,Ice Path,,,,
world.frostgipfel.node7,Gletscher-Tunnel,Glacier Tunnel,,,,
world.frostgipfel.node8,Schnee-Tempel,Snow Temple,,,,
world.frostgipfel.node9,Frost-Drachen-Nest,Frost Dragon Nest,,,,
world.frostgipfel.node10,Eisgöttin (Welt-Boss),Ice Goddess (World Boss),,,,
world.abysstiefe.name,Abysstiefe,Abyss Deep,,,,
world.abysstiefe.node1,Unterwasser-Eingang,Underwater Entrance,,,,
world.abysstiefe.node2,Korallen-Reich,Coral Realm,,,,
world.abysstiefe.node3,Schiff-Friedhof,Ship Graveyard,,,,
world.abysstiefe.node4,Algen-Wald,Kelp Forest,,,,
world.abysstiefe.node5,Tiefsee-Grab (Mini-Boss),Deep Sea Grave (Mini Boss),,,,
world.abysstiefe.node6,Vulkan-Schlund,Volcano Vent,,,,
world.abysstiefe.node7,Kraken-Bucht,Kraken Bay,,,,
world.abysstiefe.node8,Versunkene Stadt,Sunken City,,,,
world.abysstiefe.node9,Abgrund-Spalt,Abyss Crack,,,,
world.abysstiefe.node10,Tiefen-Tyrann (Welt-Boss),Deep Tyrant (World Boss),,,,
world.schattenlande.name,Schattenlande,Shadow Lands,,,,
world.schattenlande.node1,Friedhof,Cemetery,,,,
world.schattenlande.node2,Nebel-Sumpf,Mist Swamp,,,,
world.schattenlande.node3,Knochen-Tempel,Bone Temple,,,,
world.schattenlande.node4,Vampir-Schloss,Vampire Castle,,,,
world.schattenlande.node5,Schreckens-Halle (Mini-Boss),Dread Hall (Mini Boss),,,,
world.schattenlande.node6,Schatten-Wald,Shadow Forest,,,,
world.schattenlande.node7,Untergrund-Krypta,Underground Crypt,,,,
world.schattenlande.node8,Verdammnis-Brunnen,Damnation Well,,,,
world.schattenlande.node9,Lich-Turm,Lich Tower,,,,
world.schattenlande.node10,Lich-König (Welt-Boss),Lich King (World Boss),,,,
world.sturmzitadelle.name,Sturmzitadelle,Storm Citadel,,,,
world.sturmzitadelle.node1,Wolken-Plattform,Cloud Platform,,,,
world.sturmzitadelle.node2,Donnerbrücke,Thunder Bridge,,,,
world.sturmzitadelle.node3,Sternenwarte,Star Observatory,,,,
world.sturmzitadelle.node4,Mechanik-Werkstatt,Mechanics Workshop,,,,
world.sturmzitadelle.node5,Blitz-Generator (Mini-Boss),Lightning Generator (Mini Boss),,,,
world.sturmzitadelle.node6,Lichtstrahl-Bahn,Light Beam Lane,,,,
world.sturmzitadelle.node7,Mond-Garten,Moon Garden,,,,
world.sturmzitadelle.node8,Engelsfeder-Halle,Angel Feather Hall,,,,
world.sturmzitadelle.node9,Thronsaal-Vorhof,Throne Room Vestibule,,,,
world.sturmzitadelle.node10,Mondkönigin (Welt-Boss),Moon Queen (World Boss),,,,
world.galaxy_wald.name,Galaxy-Wald,Galaxy Wood,,,,
world.galaxy_wald.node1,Dimensions-Riss,Dimension Rift,,,,
world.galaxy_wald.node2,Sternenstaub-Ebene,Stardust Plain,,,,
world.galaxy_wald.node3,Spiegel-Wald,Mirror Forest,,,,
world.galaxy_wald.node4,Echo-Halle,Echo Hall,,,,
world.galaxy_wald.node5,Schwarzes-Loch (Mini-Boss),Black Hole (Mini Boss),,,,
world.galaxy_wald.node6,Kosmischer Garten,Cosmic Garden,,,,
world.galaxy_wald.node7,Voidwesen-Nest,Voidbeing Nest,,,,
world.galaxy_wald.node8,Sternentor,Stargate,,,,
world.galaxy_wald.node9,Dimensions-Knoten,Dimension Node,,,,
world.galaxy_wald.node10,Goldzahn-Avatar (Welt-Boss),Goldtooth Avatar (World Boss),,,,
world.drachenfeste.name,Drachenfeste,Dragon Stronghold,,,,
world.drachenfeste.node1,Schuppen-Brücke,Scale Bridge,,,,
world.drachenfeste.node2,Drachen-Aerie,Dragon Aerie,,,,
world.drachenfeste.node3,Schatzhalle,Treasure Hall,,,,
world.drachenfeste.node4,Brutkammer,Brood Chamber,,,,
world.drachenfeste.node5,Lord-Halle (Mini-Boss),Lord Hall (Mini Boss),,,,
world.drachenfeste.node6,Atemstrahl-Korridor,Breath Corridor,,,,
world.drachenfeste.node7,Aelteren-Galerie,Elder Gallery,,,,
world.drachenfeste.node8,Drachen-Friedhof,Dragon Graveyard,,,,
world.drachenfeste.node9,Goldener Thron,Golden Throne,,,,
world.drachenfeste.node10,Drachenherrscher Goldzahn (Welt-Boss),Dragon Ruler Goldtooth (World Boss),,,,
hero.aurelia.name,Lichtkönigin Aurelia,Light Queen Aurelia,,,,
hero.aurelia.flavor,Tochter der Sonne — ihr Befehl ist Lebensquell.,Daughter of the Sun — her command is a wellspring of life.,,,,
hero.aurelia.skill_name,Heilender Glanz,Healing Radiance,,,,
hero.aurelia.skill_desc,Heilt alle Allies um {0} Prozent ihrer Max-HP.,Heals all allies for {0} percent of their max HP.,,,,
hero.velgar.name,Frostmagier Velgar,Frost Mage Velgar,,,,
hero.velgar.flavor,Sein Wille gefriert die Zeit selbst.,His will freezes time itself.,,,,
hero.velgar.skill_name,Mana-Frost,Mana Freeze,,,,
hero.velgar.skill_desc,Entzieht dem Gegner {0} Mana sofort.,Drains {0} mana from the enemy instantly.,,,,
hero.zarok.name,Flammenmeister Zarok,Flame Master Zarok,,,,
hero.zarok.flavor,Bedeckt mit der Asche tausend gefallener Götter.,Cloaked in the ash of a thousand fallen gods.,,,,
hero.zarok.skill_name,Glutregen,Ember Rain,,,,
hero.zarok.skill_desc,Verursacht {0} AoE-Schaden auf alle Gegner-Karten.,Deals {0} AoE damage to all enemy cards.,,,,
hero.mortis.name,Drachenfürst Mortis,Dragon Lord Mortis,,,,
hero.mortis.flavor,Der Schwarze Pakt nahm seine Seele — und gab Macht zurück.,The Black Pact took his soul — and granted power in return.,,,,
hero.mortis.skill_name,Schicksalsruf,Fateful Summon,,,,
hero.mortis.skill_desc,Spielt eine zufällige Karte aus dem Deck kostenlos aus.,Plays a random card from the deck for free.,,,,
hero.eolyn.name,Druiden-Schamane Eolyn,Druid Shaman Eolyn,,,,
hero.eolyn.flavor,Spricht mit dem Wind — und der Wind antwortet.,Speaks to the wind — and the wind replies.,,,,
hero.eolyn.skill_name,Mana-Quelle,Mana Spring,,,,
hero.eolyn.skill_desc,Alle Allies erhalten sofort {0} zusätzliches Mana.,All allies gain {0} extra mana immediately.,,,,
hero.cog.name,Maschinenfürst Cog,Machine Lord Cog,,,,
hero.cog.flavor,Schmiedete sich selbst aus Eisen und Erinnerung.,Forged himself from iron and memory.,,,,
hero.cog.skill_name,Präzisions-Schaltung,Precision Circuit,,,,
hero.cog.skill_desc,Zieht eine Karte und erhöht max. Mana um {0} für {1} Runden.,Draws a card and raises max mana by {0} for {1} turns.,,,,
quest.daily_win_battles.name,Drei Siege,Three Wins,,,,
quest.daily_win_battles.desc,Gewinne 3 Welt-Kämpfe heute.,Win 3 world battles today.,,,,
quest.daily_play_feuer_cards.name,Feuersbrunst,Inferno,,,,
quest.daily_play_feuer_cards.desc,Spiele 5 Feuer-Karten heute.,Play 5 fire cards today.,,,,
quest.daily_play_natur_cards.name,Wildwuchs,Wild Growth,,,,
quest.daily_play_natur_cards.desc,Spiele 5 Natur-Karten heute.,Play 5 nature cards today.,,,,
quest.daily_play_wasser_cards.name,Flut,Tide,,,,
quest.daily_play_wasser_cards.desc,Spiele 5 Wasser-Karten heute.,Play 5 water cards today.,,,,
quest.daily_login.name,Anmeldung,Login,,,,
quest.daily_login.desc,Logge dich heute ein.,Log in today.,,,,
quest.daily_deal_damage.name,Schwerer Schlag,Heavy Blow,,,,
quest.daily_deal_damage.desc,Verursache insgesamt 10.000 Schaden.,Deal 10,000 damage in total.,,,,
quest.daily_arena_match.name,Arena-Kampf,Arena Match,,,,
quest.daily_arena_match.desc,Gewinne einen Arena-Kampf.,Win one arena match.,,,,
quest.daily_attack_thief.name,Diebsverfolgung,Thief Chase,,,,
quest.daily_attack_thief.desc,Greife heute einen Dieb mindestens 1x an.,Attack a thief at least once today.,,,,
quest.daily_world_stars.name,Sternensammler,Star Collector,,,,
quest.daily_world_stars.desc,Erreiche heute 6 neue Sterne in Welten.,Earn 6 new world stars today.,,,,
quest.daily_donate_guild.name,Gilden-Beitrag,Guild Contribution,,,,
quest.daily_donate_guild.desc,Spende heute 100 Gildenpunkte.,Donate 100 guild points today.,,,,
quest.weekly_arena_wins.name,Arena-Champion,Arena Champion,,,,
quest.weekly_arena_wins.desc,Gewinne 10 Arena-Kämpfe diese Woche.,Win 10 arena matches this week.,,,,
quest.weekly_world_stars.name,Sterne-Marsch,Star March,,,,
quest.weekly_world_stars.desc,Erreiche 60 neue Sterne diese Woche.,Earn 60 new world stars this week.,,,,
quest.weekly_beat_bosses.name,Bossjäger,Boss Hunter,,,,
quest.weekly_beat_bosses.desc,Besiege 5 Bosse diese Woche.,Beat 5 bosses this week.,,,,
quest.weekly_play_50_cards.name,Strategie-Meister,Strategy Master,,,,
quest.weekly_play_50_cards.desc,Spiele 50 Karten diese Woche.,Play 50 cards this week.,,,,
quest.weekly_attack_5_thieves.name,Diebsfänger,Thief Catcher,,,,
quest.weekly_attack_5_thieves.desc,Greife 5 Diebe diese Woche an.,Attack 5 thieves this week.,,,,
quest.weekly_login_7_days.name,Volle Woche,Full Week,,,,
quest.weekly_login_7_days.desc,Logge dich an 7 Tagen ein.,Log in on 7 days.,,,,
quest.weekly_donate_guild_1000.name,Gilden-Held,Guild Hero,,,,
quest.weekly_donate_guild_1000.desc,Spende 1000 Gildenpunkte diese Woche.,Donate 1000 guild points this week.,,,,
quest.weekly_deal_500k_damage.name,Vernichtung,Annihilation,,,,
quest.weekly_deal_500k_damage.desc,Verursache 500.000 Schaden diese Woche.,Deal 500,000 damage this week.,,,,
quest.weekly_spend_500_diamonds.name,Diamant-Stratege,Diamond Strategist,,,,
quest.weekly_spend_500_diamonds.desc,Gib 500 Diamanten diese Woche aus.,Spend 500 diamonds this week.,,,,
quest.weekly_win_25_battles.name,Welten-Bezwinger,World Conqueror,,,,
quest.weekly_win_25_battles.desc,Gewinne 25 Welt-Kämpfe diese Woche.,Win 25 world battles this week.,,,,
achievement.boss_slayer.name,Boss-Töter,Boss Slayer,,,,
achievement.boss_slayer.desc,Besiege Welt-Bosse.,Defeat world bosses.,,,,
achievement.arena_champion.name,Arena-Champion,Arena Champion,,,,
achievement.arena_champion.desc,Gewinne Arena-Kämpfe.,Win arena matches.,,,,
achievement.card_collector.name,Karten-Sammler,Card Collector,,,,
achievement.card_collector.desc,Sammle einzigartige Karten.,Collect unique cards.,,,,
achievement.legendary_owner.name,Legenden-Besitzer,Legend Owner,,,,
achievement.legendary_owner.desc,Besitze legendäre Karten.,Own legendary cards.,,,,
achievement.thief_hunter.name,Diebsjäger,Thief Hunter,,,,
achievement.thief_hunter.desc,Besiege Diebe.,Defeat thieves.,,,,
achievement.guild_pillar.name,Gilden-Säule,Guild Pillar,,,,
achievement.guild_pillar.desc,Trage zur Gilde bei.,Contribute to your guild.,,,,
achievement.world_conqueror.name,Welten-Eroberer,World Conqueror,,,,
achievement.world_conqueror.desc,Schließe Welten ab.,Complete worlds.,,,,
achievement.max_level_card.name,Vollendung,Perfection,,,,
achievement.max_level_card.desc,Bring Karten auf Maximalstufe.,Bring cards to max level.,,,,
achievement.spender.name,Wohltäter,Patron,,,,
achievement.spender.desc,Investiere in das Spiel.,Invest in the game.,,,,
achievement.veteran.name,Veteran,Veteran,,,,
achievement.veteran.desc,Logge dich über lange Zeit ein.,Log in over a long period.,,,,
title.boss_slayer_gold,Boss-Töter,Boss Slayer,,,,
title.dragon_slayer,Drachentöter,Dragon Slayer,,,,
title.arena_gladiator,Arena-Gladiator,Arena Gladiator,,,,
title.arena_emperor,Arena-Imperator,Arena Emperor,,,,
title.collector,Sammler,Collector,,,,
title.master_collector,Meister-Sammler,Master Collector,,,,
title.legend_keeper,Legenden-Wahrer,Legend Keeper,,,,
title.legend_lord,Legenden-Herr,Legend Lord,,,,
title.thief_hunter,Diebsjäger,Thief Hunter,,,,
title.thief_legend,Diebs-Legende,Thief Legend,,,,
title.guild_pillar,Gilden-Säule,Guild Pillar,,,,
title.guild_legend,Gilden-Legende,Guild Legend,,,,
title.world_conqueror,Welten-Eroberer,World Conqueror,,,,
title.dragon_emperor,Drachen-Imperator,Dragon Emperor,,,,
title.perfection,Vollendung,Perfection,,,,
title.god_collector,Gott-Sammler,God Collector,,,,
title.supporter,Förderer,Supporter,,,,
title.patron,Gönner,Patron,,,,
title.veteran,Veteran,Veteran,,,,
title.year_one,Jahr Eins,Year One,,,,
pack.common_pack.name,Gewöhnliches Karten-Pack,Common Card Pack,,,,
pack.rare_pack.name,Seltenes Karten-Pack,Rare Card Pack,,,,
pack.epic_pack.name,Epic Karten-Pack,Epic Card Pack,,,,
pack.mythic_summon.name,Mythische Beschwörung,Mythic Summon,,,,
iap.starter.name,Starter-Paket,Starter Bundle,,,,
iap.small.name,Kleines Diamant-Paket,Small Diamond Bundle,,,,
iap.medium.name,Mittleres Diamant-Paket,Medium Diamond Bundle,,,,
iap.large.name,Großes Diamant-Paket,Large Diamond Bundle,,,,
iap.huge.name,Riesiges Diamant-Paket,Huge Diamond Bundle,,,,
iap.mega.name,Mega Diamant-Paket,Mega Diamond Bundle,,,,
tutorial.welcome.title,Willkommen,Welcome,,,,
tutorial.welcome.body,Tippe um zu beginnen.,Tap to begin.,,,,
tutorial.hub.title,Dein Reich,Your Realm,,,,
tutorial.hub.body,Hier startet dein Abenteuer. Tippe auf die Landkarte.,Your adventure starts here. Tap the world map.,,,,
tutorial.first_battle.title,Erster Kampf,First Battle,,,,
tutorial.first_battle.body,Spiele deine erste Karte mit Drag-and-Drop aufs Feld.,Play your first card via drag-and-drop onto the field.,,,,
tutorial.deck_edit.title,Dein Deck,Your Deck,,,,
tutorial.deck_edit.body,Passe dein Deck an — bis 10 Karten + Runen.,Customize your deck — up to 10 cards + runes.,,,,
tutorial.first_pack.title,Erstes Pack,First Pack,,,,
tutorial.first_pack.body,Oeffne ein gratis Karten-Pack im Laden.,Open a free card pack in the shop.,,,,
tutorial.arena.title,Arena,Arena,,,,
tutorial.arena.body,Tritt gegen andere Spieler an (ab Level 15).,Compete against other players (from level 15).,,,,
tutorial.guild.title,Gilde,Guild,,,,
tutorial.guild.body,Trete einer Gilde bei oder gründe eine (ab Level 25).,Join or found a guild (from level 25).,,,,
tutorial.collection.title,Sammelsets,Collection Sets,,,,
tutorial.collection.body,Sammle Material-Karten um Spezial-Karten zu tauschen.,Collect material cards to trade for special cards.,,,,
notif.energy_full.title,Volle Energie!,Full Energy!,,,,
notif.energy_full.body,Deine Energie ist voll — Zeit für einen Kampf!,Your energy is full — time for a battle!,,,,
notif.thief_spawned.title,Dieb erschienen!,Thief Appeared!,,,,
notif.thief_spawned.body,Ein {0}-Dieb wurde gesichtet — schnapp ihn dir!,A {0} thief was spotted — go get it!,,,,
notif.klan_match.title,Klan-Match in Kürze,Klan Match Soon,,,,
notif.klan_match.body,Dein Klan-Match um {0} beginnt in 30 Minuten.,Your klan match at {0} starts in 30 minutes.,,,,
notif.daily_reward.title,Tägliche Belohnung wartet,Daily Reward Awaits,,,,
notif.daily_reward.body,Logge dich ein um deine tägliche Belohnung abzuholen.,Log in to claim your daily reward.,,,,
notif.season_end.title,Saison endet bald,Season Ends Soon,,,,
notif.season_end.body,Die Arena-Saison endet in {0} — sichere dir deinen Rang!,The arena season ends in {0} — secure your rank!,,,,
collection.white_heart.name,Weisses Herz,White Heart,,,,
collection.white_heart.desc,Sammle 4 Material-Karten um den Engelsritter zu tauschen.,Collect 4 material cards to trade for the Angel Knight.,,,,
collection.dark_heart.name,Schwarzes Herz,Dark Heart,,,,
collection.dark_heart.desc,Sammle 6 Material-Karten um den Schattenfürsten zu tauschen.,Collect 6 material cards to trade for the Shadow Lord.,,,,
collection.dragon_set.name,Drachen-Set,Dragon Set,,,,
collection.dragon_set.desc,Sammle 5 Drachen-Schuppen um den Elder-Drachen zu tauschen.,Collect 5 dragon scales to trade for the Elder Dragon.,,,,
collection.machine_core.name,Maschinen-Kern,Machine Core,,,,
collection.machine_core.desc,Sammle 4 Maschinen-Teile um die Kriegsmaschine zu tauschen.,Collect 4 machine parts to trade for the War Machine.,,,,
material.helle_sphaere.name,Helle Sphäre,Bright Sphere,,,,
material.sterne_splitter.name,Sterne-Splitter,Star Shard,,,,
material.engelsfeder.name,Engelsfeder,Angel Feather,,,,
material.heiliges_wasser.name,Heiliges Wasser,Holy Water,,,,
material.schattenscherbe.name,Schattenscherbe,Shadow Shard,,,,
material.knochenstaub.name,Knochenstaub,Bone Dust,,,,
material.daemonenbrand.name,Dämonenbrand,Demon Fire,,,,
material.pestodem.name,Pestodem,Plague Breath,,,,
material.schreckensauge.name,Schreckensauge,Eye of Dread,,,,
material.schwarzes_herz_material.name,Schwarzes Herz,Black Heart,,,,
material.drachen_schuppe_rot.name,Rote Drachen-Schuppe,Red Dragon Scale,,,,
material.drachen_schuppe_blau.name,Blaue Drachen-Schuppe,Blue Dragon Scale,,,,
material.drachen_schuppe_gruen.name,Grüne Drachen-Schuppe,Green Dragon Scale,,,,
material.drachen_schuppe_gold.name,Goldene Drachen-Schuppe,Golden Dragon Scale,,,,
material.drachen_schuppe_schwarz.name,Schwarze Drachen-Schuppe,Black Dragon Scale,,,,
material.zahnrad.name,Zahnrad,Gear,,,,
material.eisenkern.name,Eisenkern,Iron Core,,,,
material.plasma_zelle.name,Plasma-Zelle,Plasma Cell,,,,
material.steuermodul.name,Steuermodul,Control Module,,,,
ui.energy_full_short,Voll!,Full!,,,,
ui.season_active,Saison aktiv,Season active,,,,
ui.tutorial_skip,Tutorial überspringen,Skip tutorial,,,,
ui.codex,Codex,Codex,,,,
ui.deck_suggest,Vorschlag,Suggest,,,,
ui.deck_clear,Leeren,Clear,,,,
ui.claims_inbox,Briefkasten,Mailbox,,,,
ui.claim_all,Alles abholen,Claim all,,,,
ui.daily_shop,Tages-Shop,Daily Shop,,,,
ui.daily_shop_discounted,Heute reduziert,Today discounted,,,,
ui.daily_shop_refresh_in,Nächste Rotation in {0},Next rotation in {0},,,,
ui.season_pass,Saison-Pass,Season Pass,,,,
ui.season_pass_premium,Premium aktivieren,Activate Premium,,,,
ui.season_pass_tier,Stufe {0},Tier {0},,,,
ui.season_pass_xp,{0} XP,{0} XP,,,,
ui.friends,Freunde,Friends,,,,
ui.friend_add,Hinzufügen,Add,,,,
ui.friend_request_sent,Anfrage gesendet,Request sent,,,,
ui.friend_request_incoming,Anfrage erhalten,Request received,,,,
ui.friend_accept,Annehmen,Accept,,,,
ui.friend_reject,Ablehnen,Reject,,,,
ui.friend_remove,Entfernen,Remove,,,,
ui.player_block,Blockieren,Block,,,,
ui.player_unblock,Entblocken,Unblock,,,,
ui.player_report,Melden,Report,,,,
ui.report_reason_spam,Spam,Spam,,,,
ui.report_reason_harassment,Belästigung,Harassment,,,,
ui.report_reason_cheating,Cheating,Cheating,,,,
ui.report_reason_inappropriate,Unangemessen,Inappropriate,,,,
ui.report_reason_other,Sonstiges,Other,,,,
ui.muted_until,Gemutet bis {0},Muted until {0},,,,
ui.boss_phase_2,Phase 2!,Phase 2!,,,,
ui.sudden_death,Sudden Death!,Sudden Death!,,,,
ui.replay_watch,Replay ansehen,Watch replay,,,,
ui.treasury,Gilden-Kasse,Guild Treasury,,,,
ui.treasury_split,Auszahlen,Pay out,,,,
ui.territory_owned,Im Besitz,Owned,,,,
ui.territory_bid,Bieten,Bid,,,,
season.tier_complete,Stufe {0} abgeschlossen,Tier {0} completed,,,,
pending_claim.pack,Karten-Pack,Card Pack,,,,
pending_claim.avatar_frame,Avatar-Rahmen,Avatar Frame,,,,
pending_claim.title,Titel,Title,,,,
pending_claim.feature_unlock,Feature freigeschaltet,Feature unlocked,,,,
pending_claim.rune_slot_unlock,Runen-Slot freigeschaltet,Rune slot unlocked,,,,
pending_claim.card,Karte,Card,,,,
pending_claim.currency,Währung,Currency,,,,
pending_claim.scrap,Upgrade-Stein,Upgrade Stone,,,,
card.rekrut_aldor.name,Rekrut Aldor,,,,,
card.rekrut_aldor.flavor,,,,,,
card.wachsoldat.name,Wachsoldat,,,,,
card.wachsoldat.flavor,,,,,,
card.schildknappe.name,Schildknappe,,,,,
card.schildknappe.flavor,,,,,,
card.novizen_bogenschuetzin.name,Novizen Bogenschützin,,,,,
card.novizen_bogenschuetzin.flavor,,,,,,
card.lehrling_magier.name,Lehrling Magier,,,,,
card.lehrling_magier.flavor,,,,,,
card.fackeltraeger.name,Fackelträger,,,,,
card.fackeltraeger.flavor,,,,,,
card.wachtposten.name,Wachtposten,,,,,
card.wachtposten.flavor,,,,,,
card.heilerlehrling.name,Heilerlehrling,,,,,
card.heilerlehrling.flavor,,,,,,
card.lanzentraeger.name,Lanzenträger,,,,,
card.lanzentraeger.flavor,,,,,,
card.grenzlaeufer.name,Grenzläufer,,,,,
card.grenzlaeufer.flavor,,,,,,
card.speertraegerin_mira.name,Speerträgerin Mira,,,,,
card.speertraegerin_mira.flavor,,,,,,
card.schildmaid_bryta.name,Schildmaid Bryta,,,,,
card.schildmaid_bryta.flavor,,,,,,
card.kavallerist_brandt.name,Kavallerist Brandt,,,,,
card.kavallerist_brandt.flavor,,,,,,
card.tempelwaechterin.name,Tempelwächterin,,,,,
card.tempelwaechterin.flavor,,,,,,
card.erdwall_ritter.name,Erdwall Ritter,,,,,
card.erdwall_ritter.flavor,,,,,,
card.rankenkriegerin.name,Rankenkriegerin,,,,,
card.rankenkriegerin.flavor,,,,,,
card.wasserklinge_cael.name,Wasserklinge Cael,,,,,
card.wasserklinge_cael.flavor,,,,,,
card.feuerschmied.name,Feuerschmied,,,,,
card.feuerschmied.flavor,,,,,,
card.bogenschuetzin_lyra.name,Bogenschützin Lyra,,,,,
card.bogenschuetzin_lyra.flavor,,,,,,
card.kriegsmagier_voss.name,Kriegsmagier Voss,,,,,
card.kriegsmagier_voss.flavor,,,,,,
card.paladin_morgenroete.name,Paladin Morgenröte,,,,,
card.paladin_morgenroete.flavor,,,,,,
card.felsenbrecher_gorm.name,Felsenbrecher Gorm,,,,,
card.felsenbrecher_gorm.flavor,,,,,,
card.sturmreiterin_kira.name,Sturmreiterin Kira,,,,,
card.sturmreiterin_kira.flavor,,,,,,
card.heilige_wachtmeisterin.name,Heilige Wachtmeisterin,,,,,
card.heilige_wachtmeisterin.flavor,,,,,,
card.libra_waage.name,Libra Waage,,,,,
card.libra_waage.flavor,,,,,,
card.weissesherz.name,Weissesherz,,,,,
card.weissesherz.flavor,,,,,,
card.scharlachrose.name,Scharlachrose,,,,,
card.scharlachrose.flavor,,,,,,
card.erdtitan_gorath.name,Erdtitan Gorath,,,,,
card.erdtitan_gorath.flavor,,,,,,
card.marschall_eisen.name,Marschall Eisen,,,,,
card.marschall_eisen.flavor,,,,,,
card.prinzessin_seraphine.name,Prinzessin Seraphine,,,,,
card.prinzessin_seraphine.flavor,,,,,,
card.erzkoenig_aldric.name,Erzkönig Aldric,,,,,
card.erzkoenig_aldric.flavor,,,,,,
card.elfenpfeil_novize.name,Elfenpfeil Novize,,,,,
card.elfenpfeil_novize.flavor,,,,,,
card.blumenfee.name,Blumenfee,,,,,
card.blumenfee.flavor,,,,,,
card.waldlaeufer_novize.name,Waldläufer Novize,,,,,
card.waldlaeufer_novize.flavor,,,,,,
card.elfenheiler.name,Elfenheiler,,,,,
card.elfenheiler.flavor,,,,,,
card.elfenschuetze.name,Elfenschütze,,,,,
card.elfenschuetze.flavor,,,,,,
card.sternenfunke.name,Sternenfunke,,,,,
card.sternenfunke.flavor,,,,,,
card.waldspinne.name,Waldspinne,,,,,
card.waldspinne.flavor,,,,,,
card.mondfee.name,Mondfee,,,,,
card.mondfee.flavor,,,,,,
card.blaettertaenzer.name,Blättertänzer,,,,,
card.blaettertaenzer.flavor,,,,,,
card.wasserspeier.name,Wasserspeier,,,,,
card.wasserspeier.flavor,,,,,,
card.rankenkriegerin_ivy.name,Rankenkriegerin Ivy,,,,,
card.rankenkriegerin_ivy.flavor,,,,,,
card.elfenspaeher.name,Elfenspäher,,,,,
card.elfenspaeher.flavor,,,,,,
card.mondlicht_heilerin.name,Mondlicht Heilerin,,,,,
card.mondlicht_heilerin.flavor,,,,,,
card.faunen_priesterin.name,Faunen Priesterin,,,,,
card.faunen_priesterin.flavor,,,,,,
card.sternenlaeufer.name,Sternenläufer,,,,,
card.sternenlaeufer.flavor,,,,,,
card.eiskristall_magierin.name,Eiskristall Magierin,,,,,
card.eiskristall_magierin.flavor,,,,,,
card.erdwurzler.name,Erdwurzler,,,,,
card.erdwurzler.flavor,,,,,,
card.windlaeuferin_ayla.name,Windläuferin Ayla,,,,,
card.windlaeuferin_ayla.flavor,,,,,,
card.elfenmagierin_lira.name,Elfenmagierin Lira,,,,,
card.elfenmagierin_lira.flavor,,,,,,
card.baumhueter_sylvan.name,Baumhüter Sylvan,,,,,
card.baumhueter_sylvan.flavor,,,,,,
card.traumweberin_aria.name,Traumweberin Aria,,,,,
card.traumweberin_aria.flavor,,,,,,
card.waldlaeuferin_fenris.name,Waldläuferin Fenris,,,,,
card.waldlaeuferin_fenris.flavor,,,,,,
card.mondschleier_selene_3star.name,Mondschleier Selene 3star,,,,,
card.mondschleier_selene_3star.flavor,,,,,,
card.steinhueterin_gaia.name,Steinhüterin Gaia,,,,,
card.steinhueterin_gaia.flavor,,,,,,
card.sternenwanderer_caelum.name,Sternenwanderer Caelum,,,,,
card.sternenwanderer_caelum.flavor,,,,,,
card.mondkoenigin_naeris.name,Mondkönigin Näris,,,,,
card.mondkoenigin_naeris.flavor,,,,,,
card.ladon_drachenhueter.name,Ladon Drachenhüter,,,,,
card.ladon_drachenhueter.flavor,,,,,,
card.elfenkoenigin_ardania.name,Elfenkönigin Ardania,,,,,
card.elfenkoenigin_ardania.flavor,,,,,,
card.artemis_jaegerin.name,Artemis Jägerin,,,,,
card.artemis_jaegerin.flavor,,,,,,
card.eos_morgenroete.name,Eos Morgenröte,,,,,
card.eos_morgenroete.flavor,,,,,,
card.sternbaum_elarion.name,Sternbaum Elarion,,,,,
card.sternbaum_elarion.flavor,,,,,,
card.jungwolf.name,Jungwolf,,,,,
card.jungwolf.flavor,,,,,,
card.waldfuchs.name,Waldfuchs,,,,,
card.waldfuchs.flavor,,,,,,
card.steinechse.name,Steinechse,,,,,
card.steinechse.flavor,,,,,,
card.gluehwuermchen_schwarm.name,Glühwürmchen Schwarm,,,,,
card.gluehwuermchen_schwarm.flavor,,,,,,
card.baumspross.name,Baumspross,,,,,
card.baumspross.flavor,,,,,,
card.wasserschlange.name,Wasserschlange,,,,,
card.wasserschlange.flavor,,,,,,
card.feuersalamander.name,Feuersalamander,,,,,
card.feuersalamander.flavor,,,,,,
card.moorgeist.name,Moorgeist,,,,,
card.moorgeist.flavor,,,,,,
card.erdferkel.name,Erdferkel,,,,,
card.erdferkel.flavor,,,,,,
card.windfalke.name,Windfalke,,,,,
card.windfalke.flavor,,,,,,
card.schattenwoelfin_nyx.name,Schattenwölfin Nyx,,,,,
card.schattenwoelfin_nyx.flavor,,,,,,
card.steinbaer.name,Steinbär,,,,,
card.steinbaer.flavor,,,,,,
card.frostfuchs.name,Frostfuchs,,,,,
card.frostfuchs.flavor,,,,,,
card.flammengreif.name,Flammengreif,,,,,
card.flammengreif.flavor,,,,,,
card.baumgeist_elder.name,Baumgeist Elder,,,,,
card.baumgeist_elder.flavor,,,,,,
card.mondwolf.name,Mondwolf,,,,,
card.mondwolf.flavor,,,,,,
card.erdwuermer_kolonie.name,Erdwuermer Kolonie,,,,,
card.erdwuermer_kolonie.flavor,,,,,,
card.dornenigel.name,Dornenigel,,,,,
card.dornenigel.flavor,,,,,,
card.donnerhirsch_kaelen.name,Donnerhirsch Kälen,,,,,
card.donnerhirsch_kaelen.flavor,,,,,,
card.nebelkraehe_moira.name,Nebelkrähe Moira,,,,,
card.nebelkraehe_moira.flavor,,,,,,
card.uralter_baumwaechter.name,Uralter Baumwaechter,,,,,
card.uralter_baumwaechter.flavor,,,,,,
card.kristalldrache_jung.name,Kristalldrache Jung,,,,,
card.kristalldrache_jung.flavor,,,,,,
card.feuervogel_pyra.name,Feuervogel Pyra,,,,,
card.feuervogel_pyra.flavor,,,,,,
card.wasserdrache_tidal.name,Wasserdrache Tidal,,,,,
card.wasserdrache_tidal.flavor,,,,,,
card.grimmfang_alpha.name,Grimmfang Alpha,,,,,
card.grimmfang_alpha.flavor,,,,,,
card.kristalldrache_diamara.name,Kristalldrache Diamara,,,,,
card.kristalldrache_diamara.flavor,,,,,,
card.waldgottheit_silvanus.name,Waldgottheit Silvanus,,,,,
card.waldgottheit_silvanus.flavor,,,,,,
card.sturmadler_aethon.name,Sturmadler Aethon,,,,,
card.sturmadler_aethon.flavor,,,,,,
card.waechterin_sakura.name,Waechterin Sakura,,,,,
card.waechterin_sakura.flavor,,,,,,
card.jormungand_weltenschlange.name,Jormungand Weltenschlange,,,,,
card.jormungand_weltenschlange.flavor,,,,,,
card.fenrir_urdrachenwolf.name,Fenrir Urdrachenwolf,,,,,
card.fenrir_urdrachenwolf.flavor,,,,,,
card.schattenklaue.name,Schattenklaue,,,,,
card.schattenklaue.flavor,,,,,,
card.besessener_krieger.name,Besessener Krieger,,,,,
card.besessener_krieger.flavor,,,,,,
card.feuerteufel_lehrling.name,Feuerteufel Lehrling,,,,,
card.feuerteufel_lehrling.flavor,,,,,,
card.knochendiener.name,Knochendiener,,,,,
card.knochendiener.flavor,,,,,,
card.dunkel_lehrling.name,Dunkel Lehrling,,,,,
card.dunkel_lehrling.flavor,,,,,,
card.seelenhunger.name,Seelenhunger,,,,,
card.seelenhunger.flavor,,,,,,
card.frostdemon.name,Frostdemon,,,,,
card.frostdemon.flavor,,,,,,
card.erddemon.name,Erddemon,,,,,
card.erddemon.flavor,,,,,,
card.flammengeist.name,Flammengeist,,,,,
card.flammengeist.flavor,,,,,,
card.nachtkreatur.name,Nachtkreatur,,,,,
card.nachtkreatur.flavor,,,,,,
card.knochensplitter.name,Knochensplitter,,,,,
card.knochensplitter.flavor,,,,,,
card.feuerteufel_veteran.name,Feuerteufel Veteran,,,,,
card.feuerteufel_veteran.flavor,,,,,,
card.giftnatter.name,Giftnatter,,,,,
card.giftnatter.flavor,,,,,,
card.pestbote.name,Pestbote,,,,,
card.pestbote.flavor,,,,,,
card.schattenscherge_2star.name,Schattenscherge 2star,,,,,
card.schattenscherge_2star.flavor,,,,,,
card.fleischgolem.name,Fleischgolem,,,,,
card.fleischgolem.flavor,,,,,,
card.erdbrecher_daemon.name,Erdbrecher Dämon,,,,,
card.erdbrecher_daemon.flavor,,,,,,
card.blutfledermaus.name,Blutfledermaus,,,,,
card.blutfledermaus.flavor,,,,,,
card.dunkelmagierin_seela.name,Dunkelmagierin Seela,,,,,
card.dunkelmagierin_seela.flavor,,,,,,
card.daemonenrufer_kelzar.name,Daemonenrufer Kelzar,,,,,
card.daemonenrufer_kelzar.flavor,,,,,,
card.pestdoktor_morbius.name,Pestdoktor Morbius,,,,,
card.pestdoktor_morbius.flavor,,,,,,
card.schattenlaeuferin_nyx.name,Schattenläuferin Nyx,,,,,
card.schattenlaeuferin_nyx.flavor,,,,,,
card.scharlach_morrigan.name,Scharlach Morrigan,,,,,
card.scharlach_morrigan.flavor,,,,,,
card.erdverschlinger_gorak.name,Erdverschlinger Gorak,,,,,
card.erdverschlinger_gorak.flavor,,,,,,
card.daemonenkoenigin_lilith.name,Daemonenkönigin Lilith,,,,,
card.daemonenkoenigin_lilith.flavor,,,,,,
card.hoellenhund_gruum.name,Hoellenhund Gruum,,,,,
card.hoellenhund_gruum.flavor,,,,,,
card.abgrundwaechter_gor.name,Abgrundwaechter Gor,,,,,
card.abgrundwaechter_gor.flavor,,,,,,
card.chaosherold_azrael.name,Chaosherold Azrael,,,,,
card.chaosherold_azrael.flavor,,,,,,
card.hoellenfuerst_malphas.name,Höllenfürst Malphas,,,,,
card.hoellenfuerst_malphas.flavor,,,,,,
card.pestdoktor_meister.name,Pestdoktor Meister,,,,,
card.pestdoktor_meister.flavor,,,,,,
card.urdaemon_malphas_rex.name,Urdaemon Malphas Rex,,,,,
card.urdaemon_malphas_rex.flavor,,,,,,
card.solaris_gott_feuer.name,Solaris Gott Feuer,,,,,
card.solaris_gott_feuer.flavor,,,,,,
card.thalassa_gezeiten.name,Thalassa Gezeiten,,,,,
card.thalassa_gezeiten.flavor,,,,,,
card.gaia_erdmutter.name,Gaia Erdmutter,,,,,
card.gaia_erdmutter.flavor,,,,,,
card.noctis_schatten.name,Noctis Schatten,,,,,
card.noctis_schatten.flavor,,,,,,
card.selene_mondschleier.name,Selene Mondschleier,,,,,
card.selene_mondschleier.flavor,,,,,,
card.chronos_zeit.name,Chronos Zeit,,,,,
card.chronos_zeit.flavor,,,,,,
card.aetherius_allschoepfer.name,Aetherius Allschoepfer,,,,,
card.aetherius_allschoepfer.flavor,,,,,,
card.yule_baumgeist_veradis.name,Yule Baumgeist Veradis,,,,,
card.yule_baumgeist_veradis.flavor,,,,,,
card.frostwolf_fenris_event.name,Frostwolf Fenris Event,,,,,
card.frostwolf_fenris_event.flavor,,,,,,
card.bluetenfee_hanami.name,Bluetenfee Hanami,,,,,
card.bluetenfee_hanami.flavor,,,,,,
card.fruehlingsdrache_verdant.name,Fruehlingsdrache Verdant,,,,,
card.fruehlingsdrache_verdant.flavor,,,,,,
card.sonnendaemon_solaris_event.name,Sonnendaemon Solaris Event,,,,,
card.sonnendaemon_solaris_event.flavor,,,,,,
card.flammenvogel_helios.name,Flammenvogel Helios,,,,,
card.flammenvogel_helios.flavor,,,,,,
card.erntegott_miraveth.name,Erntegott Miraveth,,,,,
card.erntegott_miraveth.flavor,,,,,,
card.mondkaninchen_luna.name,Mondkaninchen Luna,,,,,
card.mondkaninchen_luna.flavor,,,,,,
card.geisterkoenig_samhain.name,Geisterkönig Samhain,,,,,
card.geisterkoenig_samhain.flavor,,,,,,
card.goldwolf_aurelius.name,Goldwolf Aurelius,,,,,
card.goldwolf_aurelius.flavor,,,,,,
card.himmelsritter_orion.name,Himmelsritter Orion,,,,,
card.himmelsritter_orion.flavor,,,,,,
card.schattenprinzessin_nyx.name,Schattenprinzessin Nyx,,,,,
card.schattenprinzessin_nyx.flavor,,,,,,
card.kristallhirsch_cervus.name,Kristallhirsch Cervus,,,,,
card.kristallhirsch_cervus.flavor,,,,,,
card.elfenprinz_luminaris.name,Elfenprinz Luminaris,,,,,
card.elfenprinz_luminaris.flavor,,,,,,
card.infernalwolf_pyrrhus.name,Infernalwolf Pyrrhus,,,,,
card.infernalwolf_pyrrhus.flavor,,,,,,
card.sternenweber_astria.name,Sternenweber Astria,,,,,
card.sternenweber_astria.flavor,,,,,,
card.sternentiger_raj.name,Sternentiger Raj,,,,,
card.sternentiger_raj.flavor,,,,,,
card.urwaldgeist_ygg.name,Urwaldgeist Ygg,,,,,
card.urwaldgeist_ygg.flavor,,,,,,
card.sandkaiser_darius.name,Sandkaiser Darius,,,,,
card.sandkaiser_darius.flavor,,,,,,
card.lavaschmied_pyrros.name,Lavaschmied Pyrros,,,,,
card.lavaschmied_pyrros.flavor,,,,,,
card.eiskoenigin_freja.name,Eiskönigin Freja,,,,,
card.eiskoenigin_freja.flavor,,,,,,
card.schattenfuerst_mordred.name,Schattenfürst Mordred,,,,,
card.schattenfuerst_mordred.flavor,,,,,,
card.blitzgeneral_thorak.name,Blitzgeneral Thorak,,,,,
card.blitzgeneral_thorak.flavor,,,,,,
card.bergtitan_gorak.name,Bergtitan Gorak,,,,,
card.bergtitan_gorak.flavor,,,,,,
card.tiefseekaiser_leviath.name,Tiefseekaiser Leviath,,,,,
card.tiefseekaiser_leviath.flavor,,,,,,
card.kosmischer_druide.name,Kosmischer Druide,,,,,
card.kosmischer_druide.flavor,,,,,,
card.urdrachenlord_tiamat.name,Urdrachenlord Tiamat,,,,,
card.urdrachenlord_tiamat.flavor,,,,,,
hero.ritter.name,Ritter-Held,Knight Hero,,,,
hero.ritter.flavor,Wächter der Ordnung,Guardian of order,,,,
hero.ritter.skill.name,Königliche Aura,Royal Aura,,,,
hero.ritter.skill.desc,Eigene Karten starten mit +5% HP,Allied cards start with +5% HP,,,,
hero.goetter.name,Götter-Erbe,Heir of the Gods,,,,
hero.goetter.flavor,Berührt vom Licht des Allschöpfers,Touched by the All-Creator's light,,,,
hero.goetter.skill.name,Göttlicher Segen,Divine Blessing,,,,
hero.goetter.skill.desc,"Einmal pro Kampf: Verhindert den Tod einer eigenen Karte (1 HP übrig)","Once per battle: prevents the death of an allied card (1 HP remaining)",,,,
hero.elfen.name,Elfen-Wanderin,Elven Wanderer,,,,
hero.elfen.flavor,Stimme des Waldes,Voice of the forest,,,,
hero.elfen.skill.name,Waldläufer,Forest Strider,,,,
hero.elfen.skill.desc,Erste eigene Karte jeder Runde kostet 0 COST,First allied card each turn costs 0 COST,,,,
hero.tiergeister.name,Geistgesegnete,Spirit-Blessed,,,,
hero.tiergeister.flavor,Eins mit dem Rudel,One with the pack,,,,
hero.tiergeister.skill.name,Rudelbund,Pack Bond,,,,
hero.tiergeister.skill.desc,"+3% ATK für jede Tiergeist-Karte im Deck (stapelbar)","+3% ATK for each Beast Spirit card in deck (stackable)",,,,
hero.daemonen.name,Dämonen-Pakt,Demon Pact,,,,
hero.daemonen.flavor,Der dunkle Pfad,The dark path,,,,
hero.daemonen.skill.name,Lebensraub-Aura,Lifesteal Aura,,,,
hero.daemonen.skill.desc,20% aller Karten-Schäden heilen Helden-HP,20% of all card damage heals hero HP,,,,
world.elderwald.saeule,Lebensbaum,Tree of Life,,,,
world.elderwald.story,"Der Elderwald stirbt von innen. Die Natur-Säule verwelkt. Du erwachst ohne Erinnerung — und ein kleiner Lichtgeist namens Lumis findet dich.","The Elderwald is dying from within. The Nature pillar withers. You awaken without memory — and a small light spirit named Lumis finds you.",,,,
world.elderwald.memory,"Ein Name. Nythragor. Das Gefühl von Angst. Und Schuld. Dann — nichts.","A name. Nythragor. A feeling of fear. And guilt. Then — nothing.",,,,
world.sandreich.saeule,Sandwacht (Urkern-Splitter),Sand Watch (Earth Core Shard),,,,
world.sandreich.story,"Das Sandreich kämpft mit der Verderbnis aus der Wüste. Königin Sera und General Dorn streiten über den Weg. Du musst beide überzeugen — durch Taten.","The Sand Realm fights corruption from the desert. Queen Sera and General Dorn argue over the path. You must convince both — through deeds.",,,,
world.sandreich.memory,"Hände. Meine Hände. Sie halten Karten. Dutzende. Die Macht ist berauschend. Ich lächle. Warum?","Hands. My hands. Holding cards. Dozens. The power is intoxicating. I am smiling. Why?",,,,
world.vulkanhort.saeule,Flammenherz,Heart of Flame,,,,
world.vulkanhort.story,"Im Vulkanhort leben Dämonen. Sie sind NICHT die Verderbnis. Lilith bietet ein Bündnis. Eine geheimnisvolle Gestalt taucht auf und lacht über dich.","Demons live in the Volcano Stronghold. They are NOT the corruption. Lilith offers an alliance. A mysterious figure appears and laughs at you.",,,,
world.vulkanhort.memory,"Ein dunkler Raum. Nythragor sagt: Du gehörst mir. Ich nicke. Ich stimme zu.","A dark room. Nythragor says: You belong to me. I nod. I agree.",,,,
world.frostgipfel.saeule,Gezeitenkern-Echo,Tidal Core Echo,,,,
world.frostgipfel.story,"Der Mondtempel der Elfen ist eingefroren. Lira führt dich zu einer schlafenden Göttin. Deine erste Begegnung mit einer Götter-Karte.","The Moon Temple of the elves is frozen. Lira leads you to a sleeping goddess. Your first encounter with a god card.",,,,
world.frostgipfel.memory,"Ich stand neben Nythragor. Freiwillig. Die Götter weinten.","I stood beside Nythragor. Willingly. The gods wept.",,,,
world.schattenlande.saeule,Schattenriss,Shadow Rift,,,,
world.schattenlande.story,"Hier ist die Verderbnis am stärksten. Du begegnest deinem eigenen Schatten — einem Echo deiner Vergangenheit.","Here corruption is strongest. You meet your own shadow — an echo of your past.",,,,
world.schattenlande.memory,"Ich habe die Säule zerstört. MIT Absicht. Ich habe dabei gelacht.","I destroyed the pillar. ON PURPOSE. And I laughed while doing it.",,,,
world.sturmzitadelle.saeule,Sternenfeuer,Starfire,,,,
world.sturmzitadelle.story,"Maschinenkrieger-Festung. Die Licht-Säule ist fast erloschen. Die letzten Götter-Verteidiger bitten dich um Hilfe.","Machine-knight fortress. The Light pillar is nearly extinguished. The last god-defenders ask for your help.",,,,
world.sturmzitadelle.memory,"Die Götter flehten mich an. Ich hörte nicht.","The gods begged me. I did not listen.",,,,
world.titanengrat.saeule,Urkern,Primordial Core,,,,
world.titanengrat.story,"Uralte Bergtitanen erwachen durch die Erschütterungen. Du musst sie beruhigen statt zu bekämpfen.","Ancient mountain titans awaken from the tremors. You must calm them — not fight them.",,,,
world.titanengrat.memory,"Nythragor gab mir Macht. Ich NAHM sie. Gierig.","Nythragor gave me power. I TOOK it. Greedy.",,,,
world.abysstiefe.saeule,Gezeitenkern,Tidal Core,,,,
world.abysstiefe.story,"Versunkene Welt. Jormungand hütet die Wahrheit. Du musst dich ihr stellen — und dabei wirst du die volle Erinnerung sehen.","Sunken world. Jormungand guards the truth. You must face her — and you will see the full memory.",,,,
world.abysstiefe.memory,"DER TWIST. Ich WAR Nythragors Champion. Ich half die Säulen zu korrumpieren. Ich war der Feind.","THE TWIST. I WAS Nythragor's champion. I helped corrupt the pillars. I was the enemy.",,,,
world.galaxy_wald.saeule,Dimensionsknoten,Dimensional Nexus,,,,
world.galaxy_wald.story,"Dimensionaler Raum. Du konfrontierst deine Vergangenheit. Alle Rassen vereinen sich für den Endkampf.","Dimensional space. You confront your past. All races unite for the final battle.",,,,
world.galaxy_wald.memory,"Ich brach den Pakt. Es kostete alles. Nythragor schrie. Ich fiel.","I broke the pact. It cost everything. Nythragor screamed. I fell.",,,,
world.drachenfeste.saeule,Finale,The Finale,,,,
world.drachenfeste.story,"Nythragors Festung. Finaler Kampf. Du musst dich entscheiden: Nythragor zerstören oder erlösen?","Nythragor's fortress. The final battle. You must choose: destroy Nythragor or redeem him?",,,,
world.drachenfeste.memory,"Mein wahrer Name. Und WARUM ich mich abwandte: Ich sah das Leid das ich verursacht hatte.","My true name. And WHY I turned away: I saw the suffering I had caused.",,,,
fragment.1.title,Erinnerung 1: Ein Name,Memory 1: A Name,,,,
fragment.1.content,Ein Name. Nythragor. Angst und Schuld.,A name. Nythragor. Fear and guilt.,,,,
fragment.1.reveal,(Spätere Wahrheit: Ich diente Nythragor),(Later truth: I served Nythragor),,,,
fragment.2.title,Erinnerung 2: Hände,Memory 2: Hands,,,,
fragment.2.content,Hände halten Karten. Macht. Ein Lächeln.,Hands holding cards. Power. A smile.,,,,
fragment.2.reveal,(Spätere Wahrheit: Ich war machtsüchtig),(Later truth: I was power-hungry),,,,
fragment.3.title,Erinnerung 3: Der Pakt,Memory 3: The Pact,,,,
fragment.3.content,"Nythragor spricht: Du gehörst mir. Ich nicke.","Nythragor speaks: You belong to me. I nod.",,,,
fragment.3.reveal,(Spätere Wahrheit: Ich ging FREIWILLIG),(Later truth: I went WILLINGLY),,,,
fragment.4.title,Erinnerung 4: An seiner Seite,Memory 4: By His Side,,,,
fragment.4.content,Ich stand neben Nythragor. Freiwillig. Götter weinen.,I stood beside Nythragor. Willingly. The gods weep.,,,,
fragment.4.reveal,(Erste Zweifel: War ich kein Held?),(First doubts: Was I not the hero?),,,,
fragment.5.title,Erinnerung 5: Die Säule,Memory 5: The Pillar,,,,
fragment.5.content,Ich habe eine Säule MIT Absicht zerstört. Gelacht.,I destroyed a pillar ON PURPOSE. Laughed.,,,,
fragment.5.reveal,(Schock: Ich WAR Teil des Problems),(Shock: I WAS part of the problem),,,,
fragment.6.title,Erinnerung 6: Die Flehenden,Memory 6: The Begging Ones,,,,
fragment.6.content,Götter flehten mich an. Ich hörte nicht.,Gods begged me. I did not listen.,,,,
fragment.6.reveal,(Horror: Was habe ich getan?),(Horror: What have I done?),,,,
fragment.7.title,Erinnerung 7: Die Macht,Memory 7: The Power,,,,
fragment.7.content,Nythragor gab mir Macht. Ich NAHM sie.,Nythragor gave me power. I TOOK it.,,,,
fragment.7.reveal,(Erkenntnis: Ich war gierig),(Realization: I was greedy),,,,
fragment.8.title,DER TWIST,THE TWIST,,,,
fragment.8.content,Jormungand zeigt die volle Erinnerung: Ich war Nythragors Champion.,Jormungand shows the full memory: I was Nythragor's champion.,,,,
fragment.8.reveal,(Volle Wahrheit. Alles wird umgedeutet.),(Full truth. Everything reinterpreted.),,,,
fragment.9.title,Erinnerung 9: Die Abkehr,Memory 9: The Turning Away,,,,
fragment.9.content,Ich brach den Pakt. Es kostete alles. Nythragor schrie.,I broke the pact. It cost everything. Nythragor screamed.,,,,
fragment.9.reveal,(Erlösung: Ich tat das Richtige),(Redemption: I did the right thing),,,,
fragment.10.title,Erinnerung 10: Mein wahrer Name,Memory 10: My True Name,,,,
fragment.10.content,Mein wahrer Name. Und warum ich mich abwandte: Ich sah das Leid.,My true name. And why I turned away: I saw the suffering.,,,,
fragment.10.reveal,(Identität: Ich entschied mich besser zu sein),(Identity: I chose to be better),,,,
npc.lumis.name,Lumis,Lumis,,,,
npc.lumis.desc,"Lichtgeist, ständiger Begleiter — nervös, neugierig, loyal. Bringt Humor in dunkle Momente.","Light spirit, constant companion — nervous, curious, loyal. Brings humor to dark moments.",,,,
npc.marschall_aldor.name,Marschall Aldor,Marshal Aldor,,,,
npc.marschall_aldor.desc,"Alter Kriegsveteran. Müde aber pflichtbewusst. Kannte den letzten Rufer — den Spieler in seinem früheren Leben.","Old war veteran. Tired but dutiful. Knew the last Caller — the player in his former life.",,,,
npc.mondpriesterin_lira.name,Mondpriesterin Lira,Moon Priestess Lira,,,,
npc.mondpriesterin_lira.desc,"Weise Elfin mit tiefer Traurigkeit. Spürt die alte Macht im Spieler und fürchtet was sie bedeutet.","Wise elf with deep sadness. Senses the old power in the player and fears what it means.",,,,
npc.grimmfang.name,Grimmfang,Grimfang,,,,
npc.grimmfang.desc,"Uralter Wolf. Spricht nicht — kommuniziert durch Blicke. Wusste die ganze Zeit wer der Spieler war.","Ancient wolf. Does not speak — communicates through glances. Knew all along who the player was.",,,,
npc.lilith.name,Dämonenkönigin Lilith,Demon Queen Lilith,,,,
npc.lilith.desc,"Elegant, scharfzüngig, aber mit echtem Mitgefühl für ihr Volk. Bietet Bündnis aus Pragmatismus.","Elegant, sharp-tongued, but with real compassion for her people. Offers alliance out of pragmatism.",,,,
npc.koenigin_sera.name,Königin Sera,Queen Sera,,,,
npc.koenigin_sera.desc,"Jung, idealistisch, manchmal naiv. Glaubt an den Spieler als Symbol der Hoffnung.","Young, idealistic, sometimes naive. Believes in the player as a symbol of hope.",,,,
npc.general_dorn.name,General Dorn,General Dorn,,,,
npc.general_dorn.desc,"Alt, pragmatisch, misstrauisch. Hatte von Anfang an recht — der Spieler trägt die alte Aura.","Old, pragmatic, suspicious. Was right all along — the player carries the old aura.",,,,
npc.nythragor.name,"Nythragor, der Kettenbrecher","Nythragor, the Chain-Breaker",,,,
npc.nythragor.desc,"Der gefallene siebte Gott. Glaubt aufrichtig, dass nur durch Zerstörung wahre Neuerschaffung möglich ist. War einst wie ein Bruder für den Spieler.","The fallen seventh god. Sincerely believes that only through destruction is true re-creation possible. Was once like a brother to the player.",,,,
npc.aetherius_geist.name,Aetherius (Geist),Aetherius (Spirit),,,,
npc.aetherius_geist.desc,Der Allschöpfer — schlafend in der Mythischen Karte. Erwacht nur am Ende der Story.,The All-Creator — sleeping in the Mythic card. Awakens only at the end of the story.,,,,
saeule.flammenherz,Flammenherz,Heart of Flame,,,,
saeule.flammenherz.state,Korrodiert — Feuer wird unkontrollierbar,Corroded — fire becomes uncontrollable,,,,
saeule.gezeitenkern,Gezeitenkern,Tidal Core,,,,
saeule.gezeitenkern.state,Eingefroren — Meere erstarren langsam,Frozen — seas slowly turning to ice,,,,
saeule.lebensbaum,Lebensbaum,Tree of Life,,,,
saeule.lebensbaum.state,Verwelkend — Wald stirbt von innen,Withering — forest dying from within,,,,
saeule.urkern,Urkern,Primordial Core,,,,
saeule.urkern.state,Zerbrochen — Erdbeben und Risse,Shattered — earthquakes and fissures,,,,
saeule.schattenriss,Schattenriss,Shadow Rift,,,,
saeule.schattenriss.state,Aufgerissen — Dunkelheit breitet sich aus,Torn open — darkness spreads,,,,
saeule.sternenfeuer,Sternenfeuer,Starfire,,,,
saeule.sternenfeuer.state,Verblassend — Licht wird schwächer,Fading — light grows weaker,,,,
story.creation.aetherius,"Am Anfang sprach Aetherius ein einziges Wort. Aus diesem Wort wurden die sechs Elemente geboren — und mit ihnen die Welt von Aethera.","In the beginning Aetherius spoke a single word. From this word the six elements were born — and with them the world of Aethera.",,,,
story.antagonist.nythragor,"Nythragor war der siebte Gott — Gott des Wandels. Während die anderen Götter das Gleichgewicht liebten, sah er darin nur Stillstand. Er wurde verbannt — und fand die Verderbnis. Oder sie fand ihn.","Nythragor was the seventh god — god of change. While the other gods loved balance, he saw only stagnation. He was banished — and found the corruption. Or it found him.",,,,
card.bogenschuetzin_lyra.play,Fuer das Koenigreich!,For the kingdom!,,,,
card.bogenschuetzin_lyra.victory,Ein weiterer Sieg fuer die Chroniken.,Another victory for the chronicles.,,,,
card.bogenschuetzin_lyra.death,Mein Schwert... traegt es weiter...,My sword... carry it onward...,,,,
card.kriegsmagier_voss.play,Fuer das Koenigreich!,For the kingdom!,,,,
card.kriegsmagier_voss.victory,Ein weiterer Sieg fuer die Chroniken.,Another victory for the chronicles.,,,,
card.kriegsmagier_voss.death,Mein Schwert... traegt es weiter...,My sword... carry it onward...,,,,
card.paladin_morgenroete.play,Fuer das Koenigreich!,For the kingdom!,,,,
card.paladin_morgenroete.victory,Ein weiterer Sieg fuer die Chroniken.,Another victory for the chronicles.,,,,
card.paladin_morgenroete.death,Mein Schwert... traegt es weiter...,My sword... carry it onward...,,,,
card.felsenbrecher_gorm.play,Fuer das Koenigreich!,For the kingdom!,,,,
card.felsenbrecher_gorm.victory,Ein weiterer Sieg fuer die Chroniken.,Another victory for the chronicles.,,,,
card.felsenbrecher_gorm.death,Mein Schwert... traegt es weiter...,My sword... carry it onward...,,,,
card.sturmreiterin_kira.play,Fuer das Koenigreich!,For the kingdom!,,,,
card.sturmreiterin_kira.victory,Ein weiterer Sieg fuer die Chroniken.,Another victory for the chronicles.,,,,
card.sturmreiterin_kira.death,Mein Schwert... traegt es weiter...,My sword... carry it onward...,,,,
card.heilige_wachtmeisterin.play,Fuer das Koenigreich!,For the kingdom!,,,,
card.heilige_wachtmeisterin.victory,Ein weiterer Sieg fuer die Chroniken.,Another victory for the chronicles.,,,,
card.heilige_wachtmeisterin.death,Mein Schwert... traegt es weiter...,My sword... carry it onward...,,,,
card.libra_waage.play,Fuer das Koenigreich!,For the kingdom!,,,,
card.libra_waage.victory,Ein weiterer Sieg fuer die Chroniken.,Another victory for the chronicles.,,,,
card.libra_waage.death,Mein Schwert... traegt es weiter...,My sword... carry it onward...,,,,
card.weissesherz.play,Fuer das Koenigreich!,For the kingdom!,,,,
card.weissesherz.victory,Ein weiterer Sieg fuer die Chroniken.,Another victory for the chronicles.,,,,
card.weissesherz.death,Mein Schwert... traegt es weiter...,My sword... carry it onward...,,,,
card.scharlachrose.play,Fuer das Koenigreich!,For the kingdom!,,,,
card.scharlachrose.victory,Ein weiterer Sieg fuer die Chroniken.,Another victory for the chronicles.,,,,
card.scharlachrose.death,Mein Schwert... traegt es weiter...,My sword... carry it onward...,,,,
card.erdtitan_gorath.play,Fuer das Koenigreich!,For the kingdom!,,,,
card.erdtitan_gorath.victory,Ein weiterer Sieg fuer die Chroniken.,Another victory for the chronicles.,,,,
card.erdtitan_gorath.death,Mein Schwert... traegt es weiter...,My sword... carry it onward...,,,,
card.marschall_eisen.play,Fuer das Koenigreich!,For the kingdom!,,,,
card.marschall_eisen.victory,Ein weiterer Sieg fuer die Chroniken.,Another victory for the chronicles.,,,,
card.marschall_eisen.death,Mein Schwert... traegt es weiter...,My sword... carry it onward...,,,,
card.prinzessin_seraphine.play,Fuer das Koenigreich!,For the kingdom!,,,,
card.prinzessin_seraphine.victory,Ein weiterer Sieg fuer die Chroniken.,Another victory for the chronicles.,,,,
card.prinzessin_seraphine.death,Mein Schwert... traegt es weiter...,My sword... carry it onward...,,,,
card.erzkoenig_aldric.play,"Erzkoenig Aldric: ""Der Goldene Thron erhebt sich.""","Archking Aldric: ""The Golden Throne rises.""",,,,
card.erzkoenig_aldric.victory,"Erzkoenig Aldric: ""Es lebe das Reich.""","Archking Aldric: ""Long live the realm.""",,,,
card.erzkoenig_aldric.death,"Erzkoenig Aldric: ""Mein... Erbe...""","Archking Aldric: ""My... legacy...""",,,,
card.elfenmagierin_lira.play,Der Wald fuehrt meine Hand.,The forest guides my hand.,,,,
card.elfenmagierin_lira.victory,Wie der Mond ueber der Schlacht.,Like the moon above the battle.,,,,
card.elfenmagierin_lira.death,Die Blaetter... fallen...,The leaves... are falling...,,,,
card.baumhueter_sylvan.play,Der Wald fuehrt meine Hand.,The forest guides my hand.,,,,
card.baumhueter_sylvan.victory,Wie der Mond ueber der Schlacht.,Like the moon above the battle.,,,,
card.baumhueter_sylvan.death,Die Blaetter... fallen...,The leaves... are falling...,,,,
card.traumweberin_aria.play,Der Wald fuehrt meine Hand.,The forest guides my hand.,,,,
card.traumweberin_aria.victory,Wie der Mond ueber der Schlacht.,Like the moon above the battle.,,,,
card.traumweberin_aria.death,Die Blaetter... fallen...,The leaves... are falling...,,,,
card.waldlaeuferin_fenris.play,Der Wald fuehrt meine Hand.,The forest guides my hand.,,,,
card.waldlaeuferin_fenris.victory,Wie der Mond ueber der Schlacht.,Like the moon above the battle.,,,,
card.waldlaeuferin_fenris.death,Die Blaetter... fallen...,The leaves... are falling...,,,,
card.mondschleier_selene_3star.play,Der Wald fuehrt meine Hand.,The forest guides my hand.,,,,
card.mondschleier_selene_3star.victory,Wie der Mond ueber der Schlacht.,Like the moon above the battle.,,,,
card.mondschleier_selene_3star.death,Die Blaetter... fallen...,The leaves... are falling...,,,,
card.steinhueterin_gaia.play,Der Wald fuehrt meine Hand.,The forest guides my hand.,,,,
card.steinhueterin_gaia.victory,Wie der Mond ueber der Schlacht.,Like the moon above the battle.,,,,
card.steinhueterin_gaia.death,Die Blaetter... fallen...,The leaves... are falling...,,,,
card.sternenwanderer_caelum.play,Der Wald fuehrt meine Hand.,The forest guides my hand.,,,,
card.sternenwanderer_caelum.victory,Wie der Mond ueber der Schlacht.,Like the moon above the battle.,,,,
card.sternenwanderer_caelum.death,Die Blaetter... fallen...,The leaves... are falling...,,,,
card.mondkoenigin_naeris.play,Der Wald fuehrt meine Hand.,The forest guides my hand.,,,,
card.mondkoenigin_naeris.victory,Wie der Mond ueber der Schlacht.,Like the moon above the battle.,,,,
card.mondkoenigin_naeris.death,Die Blaetter... fallen...,The leaves... are falling...,,,,
card.ladon_drachenhueter.play,Der Wald fuehrt meine Hand.,The forest guides my hand.,,,,
card.ladon_drachenhueter.victory,Wie der Mond ueber der Schlacht.,Like the moon above the battle.,,,,
card.ladon_drachenhueter.death,Die Blaetter... fallen...,The leaves... are falling...,,,,
card.elfenkoenigin_ardania.play,Der Wald fuehrt meine Hand.,The forest guides my hand.,,,,
card.elfenkoenigin_ardania.victory,Wie der Mond ueber der Schlacht.,Like the moon above the battle.,,,,
card.elfenkoenigin_ardania.death,Die Blaetter... fallen...,The leaves... are falling...,,,,
card.artemis_jaegerin.play,"Artemis: ""Die Jagd ist eroeffnet.""","Artemis: ""The hunt is open."")",,,,
card.artemis_jaegerin.victory,"Artemis: ""Kein Beute entkommt mir.""","Artemis: ""No prey escapes me.""",,,,
card.artemis_jaegerin.death,"Artemis: ""Die Jagd... endet niemals...""","Artemis: ""The hunt... never ends...""",,,,
card.eos_morgenroete.play,"Eos: ""Mit dem ersten Lichtstrahl.""","Eos: ""With the first ray of light.""",,,,
card.eos_morgenroete.victory,"Eos: ""Die Morgenroete bricht.""","Eos: ""Dawn breaks.""",,,,
card.eos_morgenroete.death,"Eos: ""Tag wird... zu Nacht...""","Eos: ""Day turns... to night...""",,,,
card.sternbaum_elarion.play,"Elarion: ""Die Wurzeln erinnern sich an alles.""","Elarion: ""The roots remember everything.""",,,,
card.sternbaum_elarion.victory,"Elarion: ""Der Hain bleibt unangetastet.""","Elarion: ""The grove remains untouched.""",,,,
card.sternbaum_elarion.death,"Elarion: ""Auch ein Sternbaum... muss vergehen...""","Elarion: ""Even a starwood-tree... must pass...""",,,,
card.donnerhirsch_kaelen.play,Das Rudel ruft.,The pack calls.,,,,
card.donnerhirsch_kaelen.victory,Das Urige hat gesiegt.,The primal has prevailed.,,,,
card.donnerhirsch_kaelen.death,Zurueck zur Erde...,Back to the earth...,,,,
card.nebelkraehe_moira.play,Das Rudel ruft.,The pack calls.,,,,
card.nebelkraehe_moira.victory,Das Urige hat gesiegt.,The primal has prevailed.,,,,
card.nebelkraehe_moira.death,Zurueck zur Erde...,Back to the earth...,,,,
card.uralter_baumwaechter.play,Das Rudel ruft.,The pack calls.,,,,
card.uralter_baumwaechter.victory,Das Urige hat gesiegt.,The primal has prevailed.,,,,
card.uralter_baumwaechter.death,Zurueck zur Erde...,Back to the earth...,,,,
card.kristalldrache_jung.play,Das Rudel ruft.,The pack calls.,,,,
card.kristalldrache_jung.victory,Das Urige hat gesiegt.,The primal has prevailed.,,,,
card.kristalldrache_jung.death,Zurueck zur Erde...,Back to the earth...,,,,
card.feuervogel_pyra.play,Das Rudel ruft.,The pack calls.,,,,
card.feuervogel_pyra.victory,Das Urige hat gesiegt.,The primal has prevailed.,,,,
card.feuervogel_pyra.death,Zurueck zur Erde...,Back to the earth...,,,,
card.wasserdrache_tidal.play,Das Rudel ruft.,The pack calls.,,,,
card.wasserdrache_tidal.victory,Das Urige hat gesiegt.,The primal has prevailed.,,,,
card.wasserdrache_tidal.death,Zurueck zur Erde...,Back to the earth...,,,,
card.grimmfang_alpha.play,Das Rudel ruft.,The pack calls.,,,,
card.grimmfang_alpha.victory,Das Urige hat gesiegt.,The primal has prevailed.,,,,
card.grimmfang_alpha.death,Zurueck zur Erde...,Back to the earth...,,,,
card.kristalldrache_diamara.play,Das Rudel ruft.,The pack calls.,,,,
card.kristalldrache_diamara.victory,Das Urige hat gesiegt.,The primal has prevailed.,,,,
card.kristalldrache_diamara.death,Zurueck zur Erde...,Back to the earth...,,,,
card.waldgottheit_silvanus.play,Das Rudel ruft.,The pack calls.,,,,
card.waldgottheit_silvanus.victory,Das Urige hat gesiegt.,The primal has prevailed.,,,,
card.waldgottheit_silvanus.death,Zurueck zur Erde...,Back to the earth...,,,,
card.sturmadler_aethon.play,Das Rudel ruft.,The pack calls.,,,,
card.sturmadler_aethon.victory,Das Urige hat gesiegt.,The primal has prevailed.,,,,
card.sturmadler_aethon.death,Zurueck zur Erde...,Back to the earth...,,,,
card.waechterin_sakura.play,"Sakura: ""Die Bluete bleibt — die Klinge faellt.""","Sakura: ""The blossom remains — the blade falls.""",,,,
card.waechterin_sakura.victory,"Sakura: ""Der Hain ist sicher.""","Sakura: ""The grove is safe.""",,,,
card.waechterin_sakura.death,"Sakura: ""Die Blueten... welken...""","Sakura: ""The blossoms... wither...""",,,,
card.jormungand_weltenschlange.play,"Jormungand: ""Die Welt... wird verschlungen.""","Jormungand: ""The world... shall be devoured.""",,,,
card.jormungand_weltenschlange.victory,"Jormungand: ""Die Tiefe lacht.""","Jormungand: ""The deep laughs.""",,,,
card.jormungand_weltenschlange.death,"Jormungand: ""Mein Gift... bleibt...""","Jormungand: ""My venom... remains...""",,,,
card.fenrir_urdrachenwolf.play,Fenrir heult — die Welt zittert.,Fenrir howls — the world trembles.,,,,
card.fenrir_urdrachenwolf.victory,Fenrir verschlingt was bleibt.,Fenrir devours what remains.,,,,
card.fenrir_urdrachenwolf.death,"Fenrir: ""Ragnaroek... beginnt...""","Fenrir: ""Ragnarok... begins...""",,,,
card.dunkelmagierin_seela.play,Aus dem Schatten. In den Schatten.,From the shadows. Into the shadows.,,,,
card.dunkelmagierin_seela.victory,Sie haben den Preis bezahlt.,They paid the price.,,,,
card.dunkelmagierin_seela.death,Dunkelheit... nimm mich zurueck...,Darkness... take me back...,,,,
card.daemonenrufer_kelzar.play,Aus dem Schatten. In den Schatten.,From the shadows. Into the shadows.,,,,
card.daemonenrufer_kelzar.victory,Sie haben den Preis bezahlt.,They paid the price.,,,,
card.daemonenrufer_kelzar.death,Dunkelheit... nimm mich zurueck...,Darkness... take me back...,,,,
card.pestdoktor_morbius.play,Aus dem Schatten. In den Schatten.,From the shadows. Into the shadows.,,,,
card.pestdoktor_morbius.victory,Sie haben den Preis bezahlt.,They paid the price.,,,,
card.pestdoktor_morbius.death,Dunkelheit... nimm mich zurueck...,Darkness... take me back...,,,,
card.schattenlaeuferin_nyx.play,Aus dem Schatten. In den Schatten.,From the shadows. Into the shadows.,,,,
card.schattenlaeuferin_nyx.victory,Sie haben den Preis bezahlt.,They paid the price.,,,,
card.schattenlaeuferin_nyx.death,Dunkelheit... nimm mich zurueck...,Darkness... take me back...,,,,
card.scharlach_morrigan.play,Aus dem Schatten. In den Schatten.,From the shadows. Into the shadows.,,,,
card.scharlach_morrigan.victory,Sie haben den Preis bezahlt.,They paid the price.,,,,
card.scharlach_morrigan.death,Dunkelheit... nimm mich zurueck...,Darkness... take me back...,,,,
card.erdverschlinger_gorak.play,Aus dem Schatten. In den Schatten.,From the shadows. Into the shadows.,,,,
card.erdverschlinger_gorak.victory,Sie haben den Preis bezahlt.,They paid the price.,,,,
card.erdverschlinger_gorak.death,Dunkelheit... nimm mich zurueck...,Darkness... take me back...,,,,
card.daemonenkoenigin_lilith.play,"Lilith: ""Ihr seht mich an wie eine Monstrositaet. Wie urig.""","Lilith: ""You look at me like a monstrosity. How quaint.""",,,,
card.daemonenkoenigin_lilith.victory,"Lilith: ""Selbst Damonen tanzen auf eurem Stolz.""","Lilith: ""Even demons dance on your pride.""",,,,
card.daemonenkoenigin_lilith.death,"Lilith: ""Mein Volk... wird sich erinnern...""","Lilith: ""My people... will remember...""",,,,
card.hoellenhund_gruum.play,Aus dem Schatten. In den Schatten.,From the shadows. Into the shadows.,,,,
card.hoellenhund_gruum.victory,Sie haben den Preis bezahlt.,They paid the price.,,,,
card.hoellenhund_gruum.death,Dunkelheit... nimm mich zurueck...,Darkness... take me back...,,,,
card.abgrundwaechter_gor.play,Aus dem Schatten. In den Schatten.,From the shadows. Into the shadows.,,,,
card.abgrundwaechter_gor.victory,Sie haben den Preis bezahlt.,They paid the price.,,,,
card.abgrundwaechter_gor.death,Dunkelheit... nimm mich zurueck...,Darkness... take me back...,,,,
card.chaosherold_azrael.play,Aus dem Schatten. In den Schatten.,From the shadows. Into the shadows.,,,,
card.chaosherold_azrael.victory,Sie haben den Preis bezahlt.,They paid the price.,,,,
card.chaosherold_azrael.death,Dunkelheit... nimm mich zurueck...,Darkness... take me back...,,,,
card.hoellenfuerst_malphas.play,"Malphas: ""Das Inferno empfaengt euch.""","Malphas: ""The inferno welcomes you.""",,,,
card.hoellenfuerst_malphas.victory,"Malphas: ""Asche zu Asche.""","Malphas: ""Ashes to ashes.""",,,,
card.hoellenfuerst_malphas.death,"Malphas: ""Lilith... vergib mir...""","Malphas: ""Lilith... forgive me...""",,,,
card.pestdoktor_meister.play,Aus dem Schatten. In den Schatten.,From the shadows. Into the shadows.,,,,
card.pestdoktor_meister.victory,Sie haben den Preis bezahlt.,They paid the price.,,,,
card.pestdoktor_meister.death,Dunkelheit... nimm mich zurueck...,Darkness... take me back...,,,,
card.urdaemon_malphas_rex.play,"Malphas Rex: ""Die Apokalypse... ist mein Geschenk.""","Malphas Rex: ""The apocalypse... is my gift.""",,,,
card.urdaemon_malphas_rex.victory,"Malphas Rex: ""Alle Welten enden so.""","Malphas Rex: ""All worlds end thus.""",,,,
card.urdaemon_malphas_rex.death,"Malphas Rex: ""Endlich... Stille...""","Malphas Rex: ""At last... silence...""",,,,
card.solaris_gott_feuer.play,Das Schicksal entfaltet sich.,Fate unfolds.,,,,
card.solaris_gott_feuer.victory,So war es geschrieben.,So it was written.,,,,
card.solaris_gott_feuer.death,Selbst Goetter... schlafen...,Even gods... must sleep...,,,,
card.thalassa_gezeiten.play,Das Schicksal entfaltet sich.,Fate unfolds.,,,,
card.thalassa_gezeiten.victory,So war es geschrieben.,So it was written.,,,,
card.thalassa_gezeiten.death,Selbst Goetter... schlafen...,Even gods... must sleep...,,,,
card.gaia_erdmutter.play,Das Schicksal entfaltet sich.,Fate unfolds.,,,,
card.gaia_erdmutter.victory,So war es geschrieben.,So it was written.,,,,
card.gaia_erdmutter.death,Selbst Goetter... schlafen...,Even gods... must sleep...,,,,
card.noctis_schatten.play,Das Schicksal entfaltet sich.,Fate unfolds.,,,,
card.noctis_schatten.victory,So war es geschrieben.,So it was written.,,,,
card.noctis_schatten.death,Selbst Goetter... schlafen...,Even gods... must sleep...,,,,
card.selene_mondschleier.play,"Selene: ""Das Mondlicht erinnert sich.""","Selene: ""The moonlight remembers.""",,,,
card.selene_mondschleier.victory,"Selene: ""Sanft wie der Mond, scharf wie sein Schleier.""","Selene: ""Gentle as moon, sharp as her veil.""",,,,
card.selene_mondschleier.death,"Selene: ""Auch der Mond... vergisst...""","Selene: ""Even the moon... forgets...""",,,,
card.chronos_zeit.play,"Chronos: ""Die Zeit... haelt an.""","Chronos: ""Time... halts.""",,,,
card.chronos_zeit.victory,"Chronos: ""Eure Stunde war vergaenglich.""","Chronos: ""Your hour was fleeting.""",,,,
card.chronos_zeit.death,"Chronos: ""Selbst Zeit... endet...""","Chronos: ""Even time... ends...""",,,,
card.aetherius_allschoepfer.play,"Aetherius: ""Ich war vor allem. Ich werde danach sein.""","Aetherius: ""I was before everything. I shall be after.""",,,,
card.aetherius_allschoepfer.victory,"Aetherius: ""Genesis. Erneuert.""","Aetherius: ""Genesis. Renewed.""",,,,
card.aetherius_allschoepfer.death,"Aetherius: ""Mein Kind... hat sich entschieden...""","Aetherius: ""My child... has chosen...""",,,,
